7000,5003,2017-05-01 12:21:54.838,40.3973815891076,-74.222769253928,0.0,NONE,0
7001,5003,2017-05-01 12:21:56.620,40.3973815891076,-74.222769253928,0.0,NONE,0
7002,5003,2017-05-01 12:21:57.920,40.3973815891076,-74.222769253928,0.0,NONE,0
7003,5003,2017-05-01 12:21:59.067,40.3973815891076,-74.222769253928,0.0,NONE,0
7004,5003,2017-05-01 12:22:00.219,40.3973815891076,-74.222769253928,0.0,NONE,0
7005,5003,2017-05-01 12:22:01.393,40.3973815891076,-74.222769253928,0.0,NONE,0
7006,5003,2017-05-01 12:22:02.560,40.3973815891076,-74.222769253928,0.0,NONE,0
7007,5003,2017-05-01 12:22:04.039,40.3973815891076,-74.222769253928,0.0,NONE,0
7008,5003,2017-05-01 12:22:05.231,40.3973815891076,-74.222769253928,0.0,NONE,0
7009,5003,2017-05-01 12:22:06.411,40.39731526753687,-74.22279239904657,0.0,NONE,0
7010,5003,2017-05-01 12:22:07.579,40.39731526753687,-74.22279239904657,0.0,NONE,0
7011,5003,2017-05-01 12:22:08.749,40.39731526753687,-74.22279239904657,0.0,NONE,0
7012,5003,2017-05-01 12:22:09.949,40.39731526753687,-74.22279239904657,0.0,NONE,0
7013,5003,2017-05-01 12:22:11.108,40.39731526753687,-74.22279239904657,0.0,NONE,0
7014,5003,2017-05-01 12:22:12.269,40.39731526753687,-74.22279239904657,0.0,NONE,0
7015,5003,2017-05-01 12:22:13.667,40.39731526753687,-74.22279239904657,0.0,NONE,0
7016,5003,2017-05-01 12:22:14.835,40.39731526753687,-74.22279239904657,0.0,NONE,0
7017,5003,2017-05-01 12:22:16.055,40.39731526753687,-74.22279239904657,0.0,NONE,0
7018,5003,2017-05-01 12:22:17.229,40.39731526753687,-74.22279239904657,0.0,NONE,0
7019,5003,2017-05-01 12:22:18.389,40.39731526753687,-74.22279239904657,0.0,NONE,0
7020,5003,2017-05-01 12:22:19.623,40.39731526753687,-74.22279239904657,0.0,NONE,0
7021,5003,2017-05-01 12:22:20.799,40.39731526753687,-74.22279239904657,0.0,NONE,0
7022,5003,2017-05-01 12:22:21.969,40.39731526753687,-74.22279239904657,0.0,NONE,0
7023,5003,2017-05-01 12:22:23.121,40.397232873126484,-74.2228376445056,0.0,NONE,0
7024,5003,2017-05-01 12:22:24.298,40.39721983264925,-74.22286290813129,0.0,NONE,0
7025,5003,2017-05-01 12:22:25.550,40.39719762341112,-74.22291891752037,0.0,NONE,0
7026,5003,2017-05-01 12:22:26.719,40.397188529805966,-74.22294358559064,0.0,NONE,0
7027,5003,2017-05-01 12:22:27.872,40.397174372051026,-74.22297963636403,0.0,NONE,0
7028,5003,2017-05-01 12:22:29.043,40.3971562529331,-74.22302124040334,0.0,NONE,0
7029,5003,2017-05-01 12:22:30.197,40.397140215208935,-74.22306010211697,0.0,NONE,0
7030,5003,2017-05-01 12:22:31.359,40.39711245597722,-74.22312546699754,0.0,NONE,0
7031,5003,2017-05-01 12:22:32.537,40.397096654989674,-74.22314169060976,0.0,NONE,0
7032,5003,2017-05-01 12:22:33.702,40.39707502469955,-74.22314811149,0.0,NONE,0
7033,5003,2017-05-01 12:22:34.907,40.39705536336005,-74.22314109346767,0.0,NONE,0
7034,5003,2017-05-01 12:22:36.063,40.3970277338489,-74.22312089582354,0.0,NONE,0
7035,5003,2017-05-01 12:22:37.233,40.39701206411441,-74.22309504670137,0.0,NONE,0
7036,5003,2017-05-01 12:22:38.439,40.397003625676774,-74.2230407393417,0.0,NONE,0
7037,5003,2017-05-01 12:22:39.620,40.39700613995851,-74.22301637457743,0.0,NONE,0
7038,5003,2017-05-01 12:22:40.842,40.39701627110544,-74.22298340645794,0.0,NONE,0
7039,5003,2017-05-01 12:22:42.025,40.39702978619636,-74.22295500804985,0.0,NONE,0
7040,5003,2017-05-01 12:22:43.181,40.397039279758,-74.22293698865843,0.0,NONE,0
7041,5003,2017-05-01 12:22:44.370,40.397053051515485,-74.22290501145565,0.0,NONE,0
7042,5003,2017-05-01 12:22:45.558,40.39705786192014,-74.22289597351036,0.0,NONE,0
7043,5003,2017-05-01 12:22:46.732,40.39706099800381,-74.22288835971734,0.0,NONE,0
7044,5003,2017-05-01 12:22:47.892,40.39706456828446,-74.22288430730973,0.0,NONE,0
7045,5003,2017-05-01 12:22:49.050,40.397067661239,-74.22287918724945,0.0,NONE,0
7046,5003,2017-05-01 12:22:50.294,40.39706994309208,-74.22287571194455,0.0,NONE,0
7047,5003,2017-05-01 12:22:51.479,40.39707513315293,-74.22286815522992,0.0,NONE,0
7048,5003,2017-05-01 12:22:52.629,40.39707563411571,-74.22286193511339,0.0,NONE,0
7049,5003,2017-05-01 12:22:53.892,40.39707199476999,-74.22285664723222,0.0,NONE,0
7050,5003,2017-05-01 12:22:55.040,40.39706546198327,-74.22285169458837,0.0,NONE,0
7051,5003,2017-05-01 12:22:56.189,40.397059596634286,-74.22284635673775,0.0,NONE,0
7052,5003,2017-05-01 12:22:57.328,40.39705605438803,-74.22283866318207,0.0,NONE,0
7053,5003,2017-05-01 12:22:58.511,40.39705431528816,-74.22282218879212,0.0,NONE,0
7054,5003,2017-05-01 12:22:59.737,40.39705833456407,-74.22280630184197,0.0,NONE,0
7055,5003,2017-05-01 12:23:00.881,40.397063936092756,-74.22279125387803,0.0,NONE,0
7056,5003,2017-05-01 12:23:02.039,40.39706804489817,-74.22277177216698,0.0,NONE,0
7057,5003,2017-05-01 12:23:03.199,40.39707489095317,-74.22274716150491,0.0,NONE,0
7058,5003,2017-05-01 12:23:04.358,40.39709568747211,-74.22269306869345,0.0,NONE,0
7059,5003,2017-05-01 12:23:05.529,40.39711050750363,-74.22266352231209,0.0,NONE,0
7060,5003,2017-05-01 12:23:06.707,40.39712284656551,-74.22263190722765,0.0,NONE,0
7061,5003,2017-05-01 12:23:07.902,40.397126241967506,-74.22260639132793,0.0,NONE,0
7062,5003,2017-05-01 12:23:09.149,40.39712803677825,-74.2225867628637,0.0,NONE,0
7063,5003,2017-05-01 12:23:10.309,40.39712102479988,-74.22255197201235,0.0,NONE,0
7064,5003,2017-05-01 12:23:11.479,40.39707147773393,-74.22247855614135,0.0,NONE,0
7065,5003,2017-05-01 12:23:12.659,40.39703485134895,-74.22243226502864,0.0,NONE,0
7066,5003,2017-05-01 12:23:13.834,40.396993896718875,-74.22237079249916,0.0,NONE,0
7067,5003,2017-05-01 12:23:15.009,40.396948877087866,-74.22230472842207,0.0,NONE,0
7068,5003,2017-05-01 12:23:16.179,40.39690759152649,-74.22224746829815,0.0,NONE,0
7069,5003,2017-05-01 12:23:17.349,40.39683064746778,-74.22214359902156,0.0,NONE,0
7070,5003,2017-05-01 12:23:18.549,40.396789094129055,-74.22209264681902,0.0,NONE,0
7071,5003,2017-05-01 12:23:19.709,40.39674936391957,-74.2220632687869,0.0,NONE,0
7072,5003,2017-05-01 12:23:20.882,40.396715415044675,-74.22203565190061,0.0,NONE,0
7073,5003,2017-05-01 12:23:22.049,40.396665962741324,-74.22201530641314,0.0,NONE,0
7074,5003,2017-05-01 12:23:23.230,40.39661441270913,-74.22201516380463,0.0,NONE,0
7075,5003,2017-05-01 12:23:24.368,40.39649360029321,-74.22206522102682,0.0,NONE,0
7076,5003,2017-05-01 12:23:25.549,40.396420895250884,-74.22211988133694,0.0,NONE,0
7077,5003,2017-05-01 12:23:26.730,40.39634585603151,-74.22218232768896,0.0,NONE,0
7078,5003,2017-05-01 12:23:27.909,40.39626224047516,-74.22225910916822,0.0,NONE,0
7079,5003,2017-05-01 12:23:29.072,40.396179000619775,-74.22234529380115,0.0,NONE,0
7080,5003,2017-05-01 12:23:30.249,40.39611218912609,-74.22242378163679,0.0,NONE,0
7081,5003,2017-05-01 12:23:31.409,40.395976765168996,-74.22259070543227,0.0,NONE,0
7082,5003,2017-05-01 12:23:32.584,40.395903483780884,-74.2226796824315,0.0,NONE,0
7083,5003,2017-05-01 12:23:33.759,40.39584582271386,-74.22275724052581,0.0,NONE,0
7084,5003,2017-05-01 12:23:34.919,40.395791443437,-74.22283149698322,0.0,NONE,0
7085,5003,2017-05-01 12:23:36.087,40.39574145030886,-74.22289807880409,0.0,NONE,0
7086,5003,2017-05-01 12:23:37.260,40.39569945439411,-74.2229494298438,0.0,NONE,0
7087,5003,2017-05-01 12:23:38.429,40.395627474051835,-74.22302256289598,0.0,NONE,0
7088,5003,2017-05-01 12:23:39.608,40.395606342624575,-74.22304033965383,0.0,NONE,0
7089,5003,2017-05-01 12:23:40.779,40.395596913381745,-74.22304595805532,0.0,NONE,0
7090,5003,2017-05-01 12:23:41.950,40.395596913381745,-74.22304595805532,0.0,NONE,0
7091,5003,2017-05-01 12:23:43.127,40.395596913381745,-74.22304595805532,0.0,NONE,0
7092,5003,2017-05-01 12:23:44.352,40.395596913381745,-74.22304595805532,0.0,NONE,0
7093,5003,2017-05-01 12:23:45.529,40.395596913381745,-74.22304595805532,0.0,NONE,0
7094,5003,2017-05-01 12:23:46.719,40.395596913381745,-74.22304595805532,0.0,NONE,0
7095,5003,2017-05-01 12:23:47.883,40.395596913381745,-74.22304595805532,0.0,NONE,0
7096,5003,2017-05-01 12:23:49.044,40.395596913381745,-74.22304595805532,0.0,NONE,0
7097,5003,2017-05-01 12:23:50.219,40.395596913381745,-74.22304595805532,0.0,NONE,0
7098,5003,2017-05-01 12:23:51.397,40.395596913381745,-74.22304595805532,0.0,NONE,0
7099,5003,2017-05-01 12:23:52.559,40.395596913381745,-74.22304595805532,0.0,NONE,0
7100,5003,2017-05-01 12:23:53.739,40.395596913381745,-74.22304595805532,0.0,NONE,0
7101,5003,2017-05-01 12:23:54.912,40.395596913381745,-74.22304595805532,0.0,NONE,0
7102,5003,2017-05-01 12:23:56.124,40.395596913381745,-74.22304595805532,0.0,NONE,0
7103,5003,2017-05-01 12:23:57.298,40.395596913381745,-74.22304595805532,0.0,NONE,0
7104,5003,2017-05-01 12:23:58.459,40.395596913381745,-74.22304595805532,0.0,NONE,0
7105,5003,2017-05-01 12:23:59.639,40.395596913381745,-74.22304595805532,0.0,NONE,0
7106,5003,2017-05-01 12:24:00.790,40.395596913381745,-74.22304595805532,0.0,NONE,0
7107,5003,2017-05-01 12:24:02.039,40.395596913381745,-74.22304595805532,0.0,NONE,0
7108,5003,2017-05-01 12:24:03.202,40.395596913381745,-74.22304595805532,0.0,NONE,0
7109,5003,2017-05-01 12:24:04.370,40.395596913381745,-74.22304595805532,0.0,NONE,0
7110,5003,2017-05-01 12:24:05.610,40.395596913381745,-74.22304595805532,0.0,NONE,0
7111,5003,2017-05-01 12:24:06.790,40.395596910620135,-74.22304605349339,0.0,NONE,0
7112,5003,2017-05-01 12:24:07.952,40.39560366098331,-74.22305175560894,0.0,NONE,0
7113,5003,2017-05-01 12:24:09.361,40.39562641320119,-74.2230544626993,0.0,NONE,0
7114,5003,2017-05-01 12:24:10.549,40.395639866961325,-74.22305443136746,0.0,NONE,0
7115,5003,2017-05-01 12:24:11.718,40.39565440644795,-74.22305192583039,0.0,NONE,0
7116,5003,2017-05-01 12:24:13.144,40.39566919038537,-74.2230469941035,0.0,NONE,0
7117,5003,2017-05-01 12:24:14.319,40.39569195260114,-74.22303836369534,0.0,NONE,0
7118,5003,2017-05-01 12:24:15.500,40.39570108729452,-74.22303173879395,0.0,NONE,0
7119,5003,2017-05-01 12:24:16.689,40.39570806045633,-74.22302339867556,0.0,NONE,0
7120,5003,2017-05-01 12:24:17.862,40.39571249058904,-74.2230202083318,0.0,NONE,0
7121,5003,2017-05-01 12:24:19.048,40.39571657212188,-74.2230193065662,0.0,NONE,0
7122,5003,2017-05-01 12:24:20.209,40.39571993767928,-74.22302081380406,0.0,NONE,0
7123,5003,2017-05-01 12:24:21.379,40.39572386747594,-74.22302084307002,0.0,NONE,0
7124,5003,2017-05-01 12:24:22.578,40.39572466570903,-74.22302116578516,0.0,NONE,0
7125,5003,2017-05-01 12:24:23.799,40.395725218258974,-74.22302143888949,0.0,NONE,0
7126,5003,2017-05-01 12:24:24.979,40.3957253844924,-74.22302185508411,0.0,NONE,0
7127,5003,2017-05-01 12:24:26.150,40.39572489009922,-74.22302277383514,0.0,NONE,0
7128,5003,2017-05-01 12:24:27.329,40.39572345560181,-74.22302403471332,0.0,NONE,0
7129,5003,2017-05-01 12:24:28.480,40.39571878749651,-74.2230277168552,0.0,NONE,0
7130,5003,2017-05-01 12:24:29.669,40.39571626972774,-74.22303063567448,0.0,NONE,0
7131,5003,2017-05-01 12:24:30.862,40.395714012195825,-74.22303319813675,0.0,NONE,0
7132,5003,2017-05-01 12:24:32.062,40.395711778773475,-74.22303465134081,0.0,NONE,0
7133,5003,2017-05-01 12:24:33.279,40.39571002265626,-74.22303539303093,0.0,NONE,0
7134,5003,2017-05-01 12:24:34.447,40.3957074433582,-74.22303583094609,0.0,NONE,0
7135,5003,2017-05-01 12:24:35.619,40.39570372062947,-74.22303731676023,0.0,NONE,0
7136,5003,2017-05-01 12:24:36.807,40.395695269607934,-74.22303605500363,0.0,NONE,0
7137,5003,2017-05-01 12:24:37.999,40.39568560589726,-74.223031361519,0.0,NONE,0
7138,5003,2017-05-01 12:24:39.138,40.395676673789524,-74.22302708327088,0.0,NONE,0
7139,5003,2017-05-01 12:24:40.325,40.395667779834056,-74.22302354831398,0.0,NONE,0
7140,5003,2017-05-01 12:24:41.478,40.39565210550029,-74.2230181606783,0.0,NONE,0
7141,5003,2017-05-01 12:24:42.631,40.3956449359638,-74.22301600812133,0.0,NONE,0
7142,5003,2017-05-01 12:24:43.828,40.395637992128655,-74.22301462411816,0.0,NONE,0
7143,5003,2017-05-01 12:24:44.990,40.39563079038059,-74.22301371878737,0.0,NONE,0
7144,5003,2017-05-01 12:24:46.149,40.39562344072891,-74.22301254589763,0.0,NONE,0
7145,5003,2017-05-01 12:24:47.309,40.3956160896011,-74.22301066939389,0.0,NONE,0
7146,5003,2017-05-01 12:24:48.477,40.39560235673557,-74.2230088037483,0.0,NONE,0
7147,5003,2017-05-01 12:24:49.649,40.39559629965361,-74.22301066925746,0.0,NONE,0
7148,5003,2017-05-01 12:24:50.826,40.395591129252594,-74.22301231879817,0.0,NONE,0
7149,5003,2017-05-01 12:24:52.019,40.39558653253398,-74.22301337137716,0.0,NONE,0
7150,5003,2017-05-01 12:24:53.199,40.395582918759004,-74.22301479549122,0.0,NONE,0
7151,5003,2017-05-01 12:24:54.365,40.395579327849184,-74.22301918450323,0.0,NONE,0
7152,5003,2017-05-01 12:24:55.539,40.39557968488252,-74.22302166827697,0.0,NONE,0
7153,5003,2017-05-01 12:24:56.739,40.395581558924896,-74.22302482606722,0.0,NONE,0
7154,5003,2017-05-01 12:24:57.942,40.39558531824615,-74.22302734258508,0.0,NONE,0
7155,5003,2017-05-01 12:24:59.129,40.39558970000766,-74.22302882672435,0.0,NONE,0
7156,5003,2017-05-01 12:25:00.309,40.395594810617084,-74.22303028475523,0.0,NONE,0
7157,5003,2017-05-01 12:25:01.467,40.39560221708798,-74.22303532572826,0.0,NONE,0
7158,5003,2017-05-01 12:25:02.639,40.395604693257134,-74.22303727816988,0.0,NONE,0
7159,5003,2017-05-01 12:25:03.843,40.395606295875176,-74.22303832610353,0.0,NONE,0
7160,5003,2017-05-01 12:25:05.259,40.395607183471135,-74.2230382956305,0.0,NONE,0
7161,5003,2017-05-01 12:25:06.438,40.395607275775525,-74.22304055488745,0.0,NONE,0
7162,5003,2017-05-01 12:25:07.611,40.395604178257074,-74.22304659692779,0.0,NONE,0
7163,5003,2017-05-01 12:25:08.801,40.39559729916664,-74.22305727532309,0.0,NONE,0
7164,5003,2017-05-01 12:25:09.970,40.39557491540965,-74.22308903658585,0.0,NONE,0
7165,5003,2017-05-01 12:25:11.139,40.3955297666058,-74.22313409551674,0.0,NONE,0
7166,5003,2017-05-01 12:25:15.292,40.395298916258916,-74.22315680314532,0.0,NONE,0
7167,5003,2017-05-01 12:25:16.470,40.39514492305163,-74.22308742586485,0.0,NONE,0
7168,5003,2017-05-01 12:25:17.649,40.395045618064884,-74.22304166741154,0.0,NONE,0
7169,5003,2017-05-01 12:25:18.833,40.39493411446494,-74.22298444185611,0.0,NONE,0
7170,5003,2017-05-01 12:25:20.017,40.39479973403365,-74.2229096309819,0.0,NONE,0
7171,5003,2017-05-01 12:25:21.179,40.3946729692548,-74.22283716590849,0.0,NONE,0
7172,5003,2017-05-01 12:25:22.384,40.394399434492506,-74.22268749884834,0.0,NONE,0
7173,5003,2017-05-01 12:25:23.570,40.39425110507658,-74.22260654198485,0.0,NONE,0
7174,5003,2017-05-01 12:25:24.759,40.39410277797951,-74.22252253944032,0.0,NONE,0
7175,5003,2017-05-01 12:25:25.949,40.39396053843557,-74.22243966501951,0.0,NONE,0
7176,5003,2017-05-01 12:25:27.154,40.39382358130154,-74.22235512427437,0.0,NONE,0
7177,5003,2017-05-01 12:25:28.340,40.39355222510864,-74.22218709520254,0.0,NONE,0
7178,5003,2017-05-01 12:25:29.949,40.39341019463623,-74.2220969580628,0.0,NONE,0
7179,5003,2017-05-01 12:25:31.129,40.393266704176455,-74.22200911404117,0.0,NONE,0
7180,5003,2017-05-01 12:25:32.330,40.39311446425999,-74.22191241043546,0.0,NONE,0
7181,5003,2017-05-01 12:25:33.518,40.39279353277906,-74.22170670625954,0.0,NONE,0
7182,5003,2017-05-01 12:25:34.709,40.39263070310122,-74.22160128211095,0.0,NONE,0
7183,5003,2017-05-01 12:25:35.952,40.392466636084635,-74.2214899391051,0.0,NONE,0
7184,5003,2017-05-01 12:25:37.117,40.39230533925611,-74.22138155325142,0.0,NONE,0
7185,5003,2017-05-01 12:25:38.269,40.392144089122816,-74.2212735617685,0.0,NONE,0
7186,5003,2017-05-01 12:25:39.417,40.39182050507544,-74.22104744318321,0.0,NONE,0
7187,5003,2017-05-01 12:25:40.600,40.39165518327058,-74.22093231963113,0.0,NONE,0
7188,5003,2017-05-01 12:25:41.786,40.39149429127123,-74.22081800941167,0.0,NONE,0
7189,5003,2017-05-01 12:25:42.949,40.39133672984449,-74.22071019283561,0.0,NONE,0
7190,5003,2017-05-01 12:25:44.147,40.391179576695215,-74.22060009189182,0.0,NONE,0
7191,5003,2017-05-01 12:25:45.379,40.39086099412719,-74.22037409143735,0.0,NONE,0
7192,5003,2017-05-01 12:25:46.560,40.39069871902363,-74.22026044957448,0.0,NONE,0
7193,5003,2017-05-01 12:25:47.738,40.390534004227845,-74.22014453070442,0.0,NONE,0
7194,5003,2017-05-01 12:25:48.921,40.390366801304936,-74.22002584568136,0.0,NONE,0
7195,5003,2017-05-01 12:25:50.117,40.3901968189707,-74.21990512200023,0.0,NONE,0
7196,5003,2017-05-01 12:25:51.319,40.3900262952926,-74.21978428074857,0.0,NONE,0
7197,5003,2017-05-01 12:25:52.477,40.38967867711591,-74.21953371038413,0.0,NONE,0
7198,5003,2017-05-01 12:25:53.637,40.389510901518676,-74.21940549182423,0.0,NONE,0
7199,5003,2017-05-01 12:25:54.846,40.389338757554256,-74.21927962642455,0.0,NONE,0
7200,5003,2017-05-01 12:25:56.028,40.389167322213275,-74.21915413539419,0.0,NONE,0
7201,5003,2017-05-01 12:25:57.210,40.38899316543,-74.21902637296702,0.0,NONE,0
7202,5003,2017-05-01 12:25:58.389,40.38866024974496,-74.21877625695832,0.0,NONE,0
7203,5003,2017-05-01 12:25:59.569,40.388498443181355,-74.2186570240349,0.0,NONE,0
7204,5003,2017-05-01 12:26:00.790,40.38834404631339,-74.21854426403672,0.0,NONE,0
7205,5003,2017-05-01 12:26:01.978,40.38819260784122,-74.21843300954028,0.0,NONE,0
7206,5003,2017-05-01 12:26:03.147,40.388041548992966,-74.21831945396775,0.0,NONE,0
7207,5003,2017-05-01 12:26:04.318,40.38790967049758,-74.21821867970871,0.0,NONE,0
7208,5003,2017-05-01 12:26:05.510,40.387692631453824,-74.2180570196229,0.0,NONE,0
7209,5003,2017-05-01 12:26:06.687,40.38759979379848,-74.21798908542735,0.0,NONE,0
7210,5003,2017-05-01 12:26:07.862,40.38751007840644,-74.21792451799107,0.0,NONE,0
7211,5003,2017-05-01 12:26:09.047,40.38743188201746,-74.21786736717321,0.0,NONE,0
7212,5003,2017-05-01 12:26:10.240,40.38736660190018,-74.21781790365075,0.0,NONE,0
7213,5003,2017-05-01 12:26:11.421,40.3872849497224,-74.21777775181516,0.0,NONE,0
7214,5003,2017-05-01 12:26:12.609,40.387240778259596,-74.21777616539666,0.0,NONE,0
7215,5003,2017-05-01 12:26:13.820,40.38719940054826,-74.21780015756808,0.0,NONE,0
7216,5003,2017-05-01 12:26:14.998,40.387183861339516,-74.21781763593731,0.0,NONE,0
7217,5003,2017-05-01 12:26:16.185,40.387161985221155,-74.21784569440271,0.0,NONE,0
7218,5003,2017-05-01 12:26:17.378,40.387117884997785,-74.21789888135135,0.0,NONE,0
7219,5003,2017-05-01 12:26:18.569,40.38710065850494,-74.21792032612949,0.0,NONE,0
7220,5003,2017-05-01 12:26:19.853,40.387079188259975,-74.21793920721827,0.0,NONE,0
7221,5003,2017-05-01 12:26:21.289,40.38706192859248,-74.21794975255297,0.0,NONE,0
7222,5003,2017-05-01 12:26:22.517,40.38703951319719,-74.21794511914555,0.0,NONE,0
7223,5003,2017-05-01 12:26:23.691,40.3870318734462,-74.217943338609,0.0,NONE,0
7224,5003,2017-05-01 12:26:24.872,40.38701897571737,-74.21793791159605,0.0,NONE,0
7225,5003,2017-05-01 12:26:26.102,40.38701160544559,-74.21794255152201,0.0,NONE,0
7226,5003,2017-05-01 12:26:27.309,40.38701160544559,-74.21794255152201,0.0,NONE,0
7227,5003,2017-05-01 12:26:28.509,40.38701160544559,-74.21794255152201,0.0,NONE,0
7228,5003,2017-05-01 12:26:29.688,40.38701160544559,-74.21794255152201,0.0,NONE,0
7229,5003,2017-05-01 12:26:30.889,40.38701160544559,-74.21794255152201,0.0,NONE,0
7230,5003,2017-05-01 12:26:32.329,40.38701160544559,-74.21794255152201,0.0,NONE,0
7231,5003,2017-05-01 12:26:33.519,40.38701160544559,-74.21794255152201,0.0,NONE,0
7232,5003,2017-05-01 12:26:34.707,40.38701160544559,-74.21794255152201,0.0,NONE,0
7233,5003,2017-05-01 12:26:37.389,40.38701160544559,-74.21794255152201,0.0,NONE,0
7234,5003,2017-05-01 12:26:38.537,40.38701160544559,-74.21794255152201,0.0,NONE,0
7235,5003,2017-05-01 12:26:39.730,40.38701160544559,-74.21794255152201,0.0,NONE,0
7236,5003,2017-05-01 12:26:42.279,40.386997826659716,-74.21794127954482,0.0,NONE,0
7237,5003,2017-05-01 12:26:44.700,40.386990174727224,-74.21793463628943,0.0,NONE,0
7238,5003,2017-05-01 12:26:45.930,40.3869900006249,-74.2179321722527,0.0,NONE,0
7239,5003,2017-05-01 12:26:47.140,40.38699270721525,-74.217935054861,0.0,NONE,0
7240,5003,2017-05-01 12:26:48.339,40.38699681580469,-74.21793733299795,0.0,NONE,0
7241,5003,2017-05-01 12:26:49.520,40.38700100755444,-74.21793843719855,0.0,NONE,0
7242,5003,2017-05-01 12:26:50.709,40.38700213667447,-74.2179415808974,0.0,NONE,0
7243,5003,2017-05-01 12:26:51.930,40.38700243315237,-74.21794670471574,0.0,NONE,0
7244,5003,2017-05-01 12:26:53.174,40.38700242088537,-74.21794964996293,0.0,NONE,0
7245,5003,2017-05-01 12:26:54.359,40.38700531736651,-74.21795600006303,0.0,NONE,0
7246,5003,2017-05-01 12:26:55.614,40.387005472040855,-74.21795571682205,0.0,NONE,0
7247,5003,2017-05-01 12:26:58.280,40.38701189468957,-74.21795402821175,0.0,NONE,0
7248,5003,2017-05-01 12:26:59.469,40.38701354328237,-74.21794816407673,0.0,NONE,0
7249,5003,2017-05-01 12:27:01.892,40.38701714187795,-74.21793968944962,0.0,NONE,0
7250,5003,2017-05-01 12:27:03.209,40.38702004807169,-74.21793493760569,0.0,NONE,0
7251,5003,2017-05-01 12:27:04.399,40.38702529148011,-74.21792931996269,0.0,NONE,0
7252,5003,2017-05-01 12:27:05.633,40.38702648206525,-74.21793365824226,0.0,NONE,0
7253,5003,2017-05-01 12:27:06.830,40.38702642860679,-74.2179387216465,0.0,NONE,0
7254,5003,2017-05-01 12:27:08.052,40.38702637558899,-74.21794313956455,0.0,NONE,0
7255,5003,2017-05-01 12:27:09.239,40.38702558155043,-74.21794837564886,0.0,NONE,0
7256,5003,2017-05-01 12:27:10.419,40.38702645842962,-74.21795685067652,0.0,NONE,0
7257,5003,2017-05-01 12:27:11.626,40.38702914243582,-74.2179594743363,0.0,NONE,0
7258,5003,2017-05-01 12:27:12.862,40.38703096528276,-74.21796136972897,0.0,NONE,0
7259,5003,2017-05-01 12:27:18.277,40.38703989079848,-74.21794518773838,0.0,NONE,0
7260,5003,2017-05-01 12:27:19.459,40.38703652317304,-74.2179349385147,0.0,NONE,0
7261,5003,2017-05-01 12:27:20.642,40.38703331640819,-74.21793215946286,0.0,NONE,0
7262,5003,2017-05-01 12:27:24.175,40.387032469893796,-74.21794108112395,0.0,NONE,0
7263,5003,2017-05-01 12:27:25.359,40.38703227862206,-74.21794702948237,0.0,NONE,0
7264,5003,2017-05-01 12:27:26.539,40.38703141379685,-74.2179522695671,0.0,NONE,0
7265,5003,2017-05-01 12:27:27.739,40.38703021331418,-74.21795434263818,0.0,NONE,0
7266,5003,2017-05-01 12:27:28.994,40.387029113318576,-74.21795677000354,0.0,NONE,0
7267,5003,2017-05-01 12:27:30.169,40.38702879064884,-74.21796109649407,0.0,NONE,0
7268,5003,2017-05-01 12:27:31.363,40.3870274205198,-74.21797505631798,0.0,NONE,0
7269,5003,2017-05-01 12:27:32.553,40.387024886780175,-74.21798295421752,0.0,NONE,0
7270,5003,2017-05-01 12:27:33.769,40.38702258762339,-74.21798917444086,0.0,NONE,0
7271,5003,2017-05-01 12:27:34.974,40.387019585212826,-74.21799185005244,0.0,NONE,0
7272,5003,2017-05-01 12:27:36.425,40.387014997874616,-74.21799930446538,0.0,NONE,0
7273,5003,2017-05-01 12:27:37.649,40.38701349356621,-74.21800410683998,0.0,NONE,0
7274,5003,2017-05-01 12:27:38.867,40.3870126093739,-74.21800817507803,0.0,NONE,0
7275,5003,2017-05-01 12:27:41.583,40.387017327485125,-74.2180161229761,0.0,NONE,0
7276,5003,2017-05-01 12:27:42.820,40.38702049800913,-74.21801705811029,0.0,NONE,0
7277,5003,2017-05-01 12:27:44.063,40.38702388004033,-74.21801715651803,0.0,NONE,0
7278,5003,2017-05-01 12:27:45.511,40.387027811161076,-74.21801321857114,0.0,NONE,0
7279,5003,2017-05-01 12:27:46.705,40.38702820168551,-74.21800721002415,0.0,NONE,0
7280,5003,2017-05-01 12:27:47.919,40.38702772246011,-74.21800066983504,0.0,NONE,0
7281,5003,2017-05-01 12:27:49.137,40.38702645088239,-74.21799497060925,0.0,NONE,0
7282,5003,2017-05-01 12:27:56.301,40.38701881261127,-74.21797624823463,0.0,NONE,0
7283,5003,2017-05-01 12:27:57.474,40.38701754659888,-74.21797307717087,0.0,NONE,0
7284,5003,2017-05-01 12:27:58.624,40.38701765497429,-74.21797053859628,0.0,NONE,0
7285,5003,2017-05-01 12:28:02.388,40.38701908236856,-74.21796792281414,0.0,NONE,0
7286,5003,2017-05-01 12:28:03.603,40.38701908236882,-74.21796792281337,0.0,NONE,0
7287,5003,2017-05-01 12:28:04.786,40.38701908236883,-74.21796792281337,0.0,NONE,0
7288,5003,2017-05-01 12:28:05.999,40.38701908236883,-74.21796792281337,0.0,NONE,0
7289,5003,2017-05-01 12:28:07.183,40.38701908236883,-74.21796792281337,0.0,NONE,0
7290,5003,2017-05-01 12:28:08.690,40.38701908236883,-74.21796792281337,0.0,NONE,0
7291,5003,2017-05-01 12:28:09.928,40.38701908236883,-74.21796792281337,0.0,NONE,0
7292,5003,2017-05-01 12:28:11.139,40.38701908236883,-74.21796792281337,0.0,NONE,0
7293,5003,2017-05-01 12:28:12.344,40.38701908236883,-74.21796792281337,0.0,NONE,0
7294,5003,2017-05-01 12:28:13.539,40.38701908236883,-74.21796792281337,0.0,NONE,0
7295,5003,2017-05-01 12:28:14.744,40.38701908236883,-74.21796792281337,0.0,NONE,0
7296,5003,2017-05-01 12:28:15.942,40.38701908236883,-74.21796792281337,0.0,NONE,0
7297,5003,2017-05-01 12:28:17.144,40.38701908236883,-74.21796792281337,0.0,NONE,0
7298,5003,2017-05-01 12:28:18.339,40.38701908236883,-74.21796792281337,0.0,NONE,0
7299,5003,2017-05-01 12:28:21.078,40.38701908236883,-74.21796792281337,0.0,NONE,0
7300,5003,2017-05-01 12:28:22.285,40.38701908236883,-74.21796792281337,0.0,NONE,0
7301,5003,2017-05-01 12:28:23.452,40.38701908236883,-74.21796792281337,0.0,NONE,0
7302,5003,2017-05-01 12:28:24.643,40.38701908236883,-74.21796792281337,0.0,NONE,0
7303,5003,2017-05-01 12:28:25.865,40.38701908236883,-74.21796792281337,0.0,NONE,0
7304,5003,2017-05-01 12:28:27.051,40.38701908236883,-74.21796792281337,0.0,NONE,0
7305,5003,2017-05-01 12:28:28.244,40.38701908236883,-74.21796792281337,0.0,NONE,0
7306,5003,2017-05-01 12:28:29.439,40.38701908236883,-74.21796792281337,0.0,NONE,0
7307,5003,2017-05-01 12:28:32.096,40.38701908236883,-74.21796792281337,0.0,NONE,0
7308,5003,2017-05-01 12:28:33.295,40.38701908236883,-74.21796792281337,0.0,NONE,0
7309,5003,2017-05-01 12:28:34.463,40.38701908236883,-74.21796792281337,0.0,NONE,0
7310,5003,2017-05-01 12:28:35.625,40.38701908236883,-74.21796792281337,0.0,NONE,0
7311,5003,2017-05-01 12:28:36.881,40.38701908236883,-74.21796792281337,0.0,NONE,0
7312,5003,2017-05-01 12:28:38.066,40.38701908236883,-74.21796792281337,0.0,NONE,0
7313,5003,2017-05-01 12:28:39.204,40.38701908236883,-74.21796792281337,0.0,NONE,0
7314,5003,2017-05-01 12:28:40.389,40.38701908236883,-74.21796792281337,0.0,NONE,0
7315,5003,2017-05-01 12:28:41.569,40.38701908236883,-74.21796792281337,0.0,NONE,0
7316,5003,2017-05-01 12:28:42.823,40.38701908236883,-74.21796792281337,0.0,NONE,0
7317,5003,2017-05-01 12:28:45.477,40.38701908236883,-74.21796792281337,0.0,NONE,0
7318,5003,2017-05-01 12:28:46.648,40.38701908236883,-74.21796792281337,0.0,NONE,0
7319,5003,2017-05-01 12:28:47.885,40.38701908236883,-74.21796792281337,0.0,NONE,0
7320,5003,2017-05-01 12:28:49.135,40.38701908236883,-74.21796792281337,0.0,NONE,0
7321,5003,2017-05-01 12:28:50.337,40.38701908236883,-74.21796792281337,0.0,NONE,0
7322,5003,2017-05-01 12:28:51.769,40.38701908236883,-74.21796792281337,0.0,NONE,0
7323,5003,2017-05-01 12:28:52.987,40.38701908236883,-74.21796792281337,0.0,NONE,0
7324,5003,2017-05-01 12:28:54.169,40.38701908236883,-74.21796792281337,0.0,NONE,0
7325,5003,2017-05-01 12:28:55.398,40.38701908236883,-74.21796792281337,0.0,NONE,0
7326,5003,2017-05-01 12:28:56.828,40.38701908236883,-74.21796792281337,0.0,NONE,0
7327,5003,2017-05-01 12:28:57.954,40.38701908236883,-74.21796792281337,0.0,NONE,0
7328,5003,2017-05-01 12:28:59.117,40.38701908236883,-74.21796792281337,0.0,NONE,0
7329,5003,2017-05-01 12:29:00.247,40.38701908236883,-74.21796792281337,0.0,NONE,0
7330,5003,2017-05-01 12:29:01.368,40.38701908236883,-74.21796792281337,0.0,NONE,0
7331,5003,2017-05-01 12:29:02.477,40.38701908236883,-74.21796792281337,0.0,NONE,0
7332,5003,2017-05-01 12:29:03.586,40.38701908236883,-74.21796792281337,0.0,NONE,0
7333,5003,2017-05-01 12:29:04.756,40.38701908236883,-74.21796792281337,0.0,NONE,0
7334,5003,2017-05-01 12:29:07.766,40.38701908236883,-74.21796792281337,0.0,NONE,0
7335,5003,2017-05-01 12:29:08.912,40.38701908236883,-74.21796792281337,0.0,NONE,0
7336,5003,2017-05-01 12:29:10.036,40.38701908236883,-74.21796792281337,0.0,NONE,0
7337,5003,2017-05-01 12:29:11.186,40.38701908236883,-74.21796792281337,0.0,NONE,0
7338,5003,2017-05-01 12:29:12.307,40.38701908236883,-74.21796792281337,0.0,NONE,0
7339,5003,2017-05-01 12:29:13.431,40.38701908236883,-74.21796792281337,0.0,NONE,0
7340,5003,2017-05-01 12:29:14.597,40.38701908236883,-74.21796792281337,0.0,NONE,0
7341,5003,2017-05-01 12:29:15.775,40.38701908236883,-74.21796792281337,0.0,NONE,0
7342,5003,2017-05-01 12:29:16.954,40.38701908236883,-74.21796792281337,0.0,NONE,0
7343,5003,2017-05-01 12:29:18.122,40.38701908236883,-74.21796792281337,0.0,NONE,0
7344,5003,2017-05-01 12:29:19.284,40.38701908236883,-74.21796792281337,0.0,NONE,0
7345,5003,2017-05-01 12:29:20.772,40.38701908236883,-74.21796792281337,0.0,NONE,0
7346,5003,2017-05-01 12:29:21.984,40.38701908236883,-74.21796792281337,0.0,NONE,0
7347,5003,2017-05-01 12:29:23.204,40.38701908236883,-74.21796792281337,0.0,NONE,0
7348,5003,2017-05-01 12:29:24.372,40.38701908236883,-74.21796792281337,0.0,NONE,0
7349,5003,2017-05-01 12:29:25.541,40.38701908236883,-74.21796792281337,0.0,NONE,0
7350,5003,2017-05-01 12:29:26.827,40.38701908236883,-74.21796792281337,0.0,NONE,0
7351,5003,2017-05-01 12:29:28.047,40.38701908236883,-74.21796792281337,0.0,NONE,0
7352,5003,2017-05-01 12:29:29.249,40.38701908236883,-74.21796792281337,0.0,NONE,0
7353,5003,2017-05-01 12:29:30.426,40.38701908236883,-74.21796792281337,0.0,NONE,0
7354,5003,2017-05-01 12:29:31.604,40.38701908236883,-74.21796792281337,0.0,NONE,0
7355,5003,2017-05-01 12:29:32.842,40.38701908236883,-74.21796792281337,0.0,NONE,0
7356,5003,2017-05-01 12:29:34.057,40.38701908236883,-74.21796792281337,0.0,NONE,0
7357,5003,2017-05-01 12:29:35.234,40.38701908236883,-74.21796792281337,0.0,NONE,0
7358,5003,2017-05-01 12:29:36.634,40.38701908236883,-74.21796792281337,0.0,NONE,0
7359,5003,2017-05-01 12:29:37.838,40.38701908236883,-74.21796792281337,0.0,NONE,0
7360,5003,2017-05-01 12:29:39.294,40.38701908236883,-74.21796792281337,0.0,NONE,0
7361,5003,2017-05-01 12:29:40.497,40.38701908236883,-74.21796792281337,0.0,NONE,0
7362,5003,2017-05-01 12:29:41.674,40.38701908236883,-74.21796792281337,0.0,NONE,0
7363,5003,2017-05-01 12:29:44.800,40.38701908236883,-74.21796792281337,0.0,NONE,0
7364,5003,2017-05-01 12:29:45.984,40.38701908236883,-74.21796792281337,0.0,NONE,0
7365,5003,2017-05-01 12:29:49.117,40.38701908236883,-74.21796792281337,0.0,NONE,0
7366,5003,2017-05-01 12:29:50.304,40.38701908236883,-74.21796792281337,0.0,NONE,0
7367,5003,2017-05-01 12:29:51.544,40.38701908236883,-74.21796792281337,0.0,NONE,0
7368,5003,2017-05-01 12:29:52.706,40.38701908236883,-74.21796792281337,0.0,NONE,0
7369,5003,2017-05-01 12:29:53.889,40.38701908236883,-74.21796792281337,0.0,NONE,0
7370,5003,2017-05-01 12:29:55.142,40.38701908236883,-74.21796792281337,0.0,NONE,0
7371,5003,2017-05-01 12:29:56.326,40.38701908236883,-74.21796792281337,0.0,NONE,0
7372,5003,2017-05-01 12:29:57.514,40.38701908236883,-74.21796792281337,0.0,NONE,0
7373,5003,2017-05-01 12:29:58.682,40.38701908236883,-74.21796792281337,0.0,NONE,0
7374,5003,2017-05-01 12:30:01.297,40.38701908236883,-74.21796792281337,0.0,NONE,0
7375,5003,2017-05-01 12:30:05.687,40.38701908236883,-74.21796792281337,0.0,NONE,0
7376,5003,2017-05-01 12:30:06.892,40.38701908236883,-74.21796792281337,0.0,NONE,0
7377,5003,2017-05-01 12:30:08.068,40.38701908236883,-74.21796792281337,0.0,NONE,0
7378,5003,2017-05-01 12:30:09.496,40.38701908236883,-74.21796792281337,0.0,NONE,0
7379,5003,2017-05-01 12:30:10.777,40.38701908236883,-74.21796792281337,0.0,NONE,0
7380,5003,2017-05-01 12:30:12.010,40.38701908236883,-74.21796792281337,0.0,NONE,0
7381,5003,2017-05-01 12:30:13.219,40.38701908236883,-74.21796792281337,0.0,NONE,0
7382,5003,2017-05-01 12:30:14.385,40.38701908236883,-74.21796792281337,0.0,NONE,0
7383,5003,2017-05-01 12:30:15.556,40.38701908236883,-74.21796792281337,0.0,NONE,0
7384,5003,2017-05-01 12:30:16.818,40.38701908236883,-74.21796792281337,0.0,NONE,0
7385,5003,2017-05-01 12:30:18.024,40.38701908236883,-74.21796792281337,0.0,NONE,0
7386,5003,2017-05-01 12:30:19.441,40.38701908236883,-74.21796792281337,0.0,NONE,0
7387,5003,2017-05-01 12:30:20.653,40.38701908236883,-74.21796792281337,0.0,NONE,0
7388,5003,2017-05-01 12:30:21.848,40.38701908236883,-74.21796792281337,0.0,NONE,0
7389,5003,2017-05-01 12:30:23.057,40.38701908236883,-74.21796792281337,0.0,NONE,0
7390,5003,2017-05-01 12:30:24.285,40.38701908236883,-74.21796792281337,0.0,NONE,0
7391,5003,2017-05-01 12:30:25.455,40.38701908236883,-74.21796792281337,0.0,NONE,0
7392,5003,2017-05-01 12:30:26.648,40.38701908236883,-74.21796792281337,0.0,NONE,0
7393,5003,2017-05-01 12:30:27.843,40.38701908236883,-74.21796792281337,0.0,NONE,0
7394,5003,2017-05-01 12:30:31.603,40.38701908236883,-74.21796792281337,0.0,NONE,0
7395,5003,2017-05-01 12:30:33.047,40.38701908236883,-74.21796792281337,0.0,NONE,0
7396,5003,2017-05-01 12:30:34.464,40.38701908236883,-74.21796792281337,0.0,NONE,0
7397,5003,2017-05-01 12:30:35.664,40.38701908236883,-74.21796792281337,0.0,NONE,0
7398,5003,2017-05-01 12:30:36.883,40.38701908236883,-74.21796792281337,0.0,NONE,0
7399,5003,2017-05-01 12:30:38.079,40.38701908236883,-74.21796792281337,0.0,NONE,0
7400,5003,2017-05-01 12:30:39.325,40.38701908236883,-74.21796792281337,0.0,NONE,0
7401,5003,2017-05-01 12:30:42.102,40.38701908236883,-74.21796792281337,0.0,NONE,0
7402,5003,2017-05-01 12:30:43.354,40.38701908236883,-74.21796792281337,0.0,NONE,0
7403,5003,2017-05-01 12:30:44.624,40.38701908236883,-74.21796792281337,0.0,NONE,0
7404,5003,2017-05-01 12:30:45.821,40.38701908236883,-74.21796792281337,0.0,NONE,0
7405,5003,2017-05-01 12:30:46.994,40.38701908236883,-74.21796792281337,0.0,NONE,0
7406,5003,2017-05-01 12:30:48.164,40.38701908236883,-74.21796792281337,0.0,NONE,0
7407,5003,2017-05-01 12:30:49.334,40.38701908236883,-74.21796792281337,0.0,NONE,0
7408,5003,2017-05-01 12:30:50.503,40.38701908236883,-74.21796792281337,0.0,NONE,0
7409,5003,2017-05-01 12:30:51.688,40.38701908236883,-74.21796792281337,0.0,NONE,0
7410,5003,2017-05-01 12:30:52.877,40.38701908236883,-74.21796792281337,0.0,NONE,0
7411,5003,2017-05-01 12:30:54.375,40.38701908236883,-74.21796792281337,0.0,NONE,0
7412,5003,2017-05-01 12:30:55.554,40.38701908236883,-74.21796792281337,0.0,NONE,0
7413,5003,2017-05-01 12:30:56.736,40.38701908236883,-74.21796792281337,0.0,NONE,0
7414,5003,2017-05-01 12:30:57.959,40.38701908236883,-74.21796792281337,0.0,NONE,0
7415,5003,2017-05-01 12:30:59.184,40.38701908236883,-74.21796792281337,0.0,NONE,0
7416,5003,2017-05-01 12:31:00.394,40.38701908236883,-74.21796792281337,0.0,NONE,0
7417,5003,2017-05-01 12:31:03.184,40.38701908236883,-74.21796792281337,0.0,NONE,0
7418,5003,2017-05-01 12:31:04.374,40.38701908236883,-74.21796792281337,0.0,NONE,0
7419,5003,2017-05-01 12:31:06.907,40.38701908236883,-74.21796792281337,0.0,NONE,0
7420,5003,2017-05-01 12:31:08.164,40.38701908236883,-74.21796792281337,0.0,NONE,0
7421,5003,2017-05-01 12:31:09.334,40.38701908236883,-74.21796792281337,0.0,NONE,0
7422,5003,2017-05-01 12:31:10.764,40.38701908236883,-74.21796792281337,0.0,NONE,0
7423,5003,2017-05-01 12:31:11.975,40.38701908236883,-74.21796792281337,0.0,NONE,0
7424,5003,2017-05-01 12:31:13.205,40.38701908236883,-74.21796792281337,0.0,NONE,0
7425,5003,2017-05-01 12:31:14.404,40.38701908236883,-74.21796792281337,0.0,NONE,0
7426,5003,2017-05-01 12:31:15.642,40.38701908236883,-74.21796792281337,0.0,NONE,0
7427,5003,2017-05-01 12:31:16.847,40.38701908236883,-74.21796792281337,0.0,NONE,0
7428,5003,2017-05-01 12:31:18.078,40.38701908236883,-74.21796792281337,0.0,NONE,0
7429,5003,2017-05-01 12:31:19.257,40.38701908236883,-74.21796792281337,0.0,NONE,0
7430,5003,2017-05-01 12:31:20.424,40.38701908236883,-74.21796792281337,0.0,NONE,0
7431,5003,2017-05-01 12:31:21.614,40.38701908236883,-74.21796792281337,0.0,NONE,0
7432,5003,2017-05-01 12:31:22.815,40.38701908236883,-74.21796792281337,0.0,NONE,0
7433,5003,2017-05-01 12:31:24.024,40.38701908236883,-74.21796792281337,0.0,NONE,0
7434,5003,2017-05-01 12:31:25.274,40.38701908236883,-74.21796792281337,0.0,NONE,0
7435,5003,2017-05-01 12:31:26.454,40.38701908236883,-74.21796792281337,0.0,NONE,0
7436,5003,2017-05-01 12:31:27.624,40.38701908236883,-74.21796792281337,0.0,NONE,0
7437,5003,2017-05-01 12:31:30.077,40.38701908236883,-74.21796792281337,0.0,NONE,0
7438,5003,2017-05-01 12:31:31.264,40.38701908236883,-74.21796792281337,0.0,NONE,0
7439,5003,2017-05-01 12:31:33.695,40.38701908236883,-74.21796792281337,0.0,NONE,0
7440,5003,2017-05-01 12:31:34.960,40.38701908236883,-74.21796792281337,0.0,NONE,0
7441,5003,2017-05-01 12:31:37.382,40.38701908236883,-74.21796792281337,0.0,NONE,0
7442,5003,2017-05-01 12:31:38.564,40.38701908236883,-74.21796792281337,0.0,NONE,0
7443,5003,2017-05-01 12:31:39.744,40.38701908236883,-74.21796792281337,0.0,NONE,0
7444,5003,2017-05-01 12:31:41.014,40.38701908236883,-74.21796792281337,0.0,NONE,0
7445,5003,2017-05-01 12:31:42.254,40.38701908236883,-74.21796792281337,0.0,NONE,0
7446,5003,2017-05-01 12:31:43.485,40.38701908236883,-74.21796792281337,0.0,NONE,0
7447,5003,2017-05-01 12:31:44.675,40.38701908236883,-74.21796792281337,0.0,NONE,0
7448,5003,2017-05-01 12:31:45.837,40.38701908236883,-74.21796792281337,0.0,NONE,0
7449,5003,2017-05-01 12:31:46.992,40.38701908236883,-74.21796792281337,0.0,NONE,0
7450,5003,2017-05-01 12:31:48.215,40.38701908236883,-74.21796792281337,0.0,NONE,0
7451,5003,2017-05-01 12:31:49.425,40.38701908236883,-74.21796792281337,0.0,NONE,0
7452,5003,2017-05-01 12:31:50.608,40.38701908236883,-74.21796792281337,0.0,NONE,0
7453,5003,2017-05-01 12:31:51.802,40.38701908236883,-74.21796792281337,0.0,NONE,0
7454,5003,2017-05-01 12:31:53.002,40.38701908236883,-74.21796792281337,0.0,NONE,0
7455,5003,2017-05-01 12:31:54.199,40.38701908236883,-74.21796792281337,0.0,NONE,0
7456,5003,2017-05-01 12:31:55.416,40.38701908236883,-74.21796792281337,0.0,NONE,0
7457,5003,2017-05-01 12:31:56.626,40.38701908236883,-74.21796792281337,0.0,NONE,0
7458,5003,2017-05-01 12:31:57.860,40.38701908236883,-74.21796792281337,0.0,NONE,0
7459,5003,2017-05-01 12:31:59.077,40.38701908236883,-74.21796792281337,0.0,NONE,0
7460,5003,2017-05-01 12:32:00.315,40.38701908236883,-74.21796792281337,0.0,NONE,0
7461,5003,2017-05-01 12:32:01.534,40.38701908236883,-74.21796792281337,0.0,NONE,0
7462,5003,2017-05-01 12:32:02.715,40.38701908236883,-74.21796792281337,0.0,NONE,0
7463,5003,2017-05-01 12:32:03.968,40.38701908236883,-74.21796792281337,0.0,NONE,0
7464,5003,2017-05-01 12:32:05.137,40.38701908236883,-74.21796792281337,0.0,NONE,0
7465,5003,2017-05-01 12:32:06.330,40.38701908236883,-74.21796792281337,0.0,NONE,0
7466,5003,2017-05-01 12:32:07.537,40.38701908236883,-74.21796792281337,0.0,NONE,0
7467,5003,2017-05-01 12:32:08.750,40.38701908236883,-74.21796792281337,0.0,NONE,0
7468,5003,2017-05-01 12:32:09.976,40.38701908236883,-74.21796792281337,0.0,NONE,0
7469,5003,2017-05-01 12:32:11.185,40.38701908236883,-74.21796792281337,0.0,NONE,0
7470,5003,2017-05-01 12:32:12.424,40.38701908236883,-74.21796792281337,0.0,NONE,0
7471,5003,2017-05-01 12:32:13.635,40.38701908236883,-74.21796792281337,0.0,NONE,0
7472,5003,2017-05-01 12:32:16.299,40.38701908236883,-74.21796792281337,0.0,NONE,0
7473,5003,2017-05-01 12:32:17.465,40.38701908236883,-74.21796792281337,0.0,NONE,0
7474,5003,2017-05-01 12:32:18.636,40.38701908236883,-74.21796792281337,0.0,NONE,0
7475,5003,2017-05-01 12:32:19.852,40.38701908236883,-74.21796792281337,0.0,NONE,0
7476,5003,2017-05-01 12:32:21.053,40.38701908236883,-74.21796792281337,0.0,NONE,0
7477,5003,2017-05-01 12:32:22.255,40.38701908236883,-74.21796792281337,0.0,NONE,0
7478,5003,2017-05-01 12:32:23.444,40.38701908236883,-74.21796792281337,0.0,NONE,0
7479,5003,2017-05-01 12:32:24.643,40.38701908236883,-74.21796792281337,0.0,NONE,0
7480,5003,2017-05-01 12:32:25.848,40.38701908236883,-74.21796792281337,0.0,NONE,0
7481,5003,2017-05-01 12:32:28.286,40.38701908236883,-74.21796792281337,0.0,NONE,0
7482,5003,2017-05-01 12:32:29.473,40.38701908236883,-74.21796792281337,0.0,NONE,0
7483,5003,2017-05-01 12:32:30.644,40.38701908236883,-74.21796792281337,0.0,NONE,0
7484,5003,2017-05-01 12:32:31.838,40.38701908236883,-74.21796792281337,0.0,NONE,0
7485,5003,2017-05-01 12:32:33.037,40.38701908236883,-74.21796792281337,0.0,NONE,0
7486,5003,2017-05-01 12:32:34.225,40.38701908236883,-74.21796792281337,0.0,NONE,0
7487,5003,2017-05-01 12:32:35.417,40.38701908236883,-74.21796792281337,0.0,NONE,0
7488,5003,2017-05-01 12:32:36.605,40.38701908236883,-74.21796792281337,0.0,NONE,0
7489,5003,2017-05-01 12:32:37.814,40.38701908236883,-74.21796792281337,0.0,NONE,0
7490,5003,2017-05-01 12:32:39.005,40.38701908236883,-74.21796792281337,0.0,NONE,0
7491,5003,2017-05-01 12:32:40.251,40.38701908236883,-74.21796792281337,0.0,NONE,0
7492,5003,2017-05-01 12:32:41.464,40.38701908236883,-74.21796792281337,0.0,NONE,0
7493,5003,2017-05-01 12:32:42.636,40.38701908236883,-74.21796792281337,0.0,NONE,0
7494,5003,2017-05-01 12:32:43.859,40.38701908236883,-74.21796792281337,0.0,NONE,0
7495,5003,2017-05-01 12:32:45.115,40.38701908236883,-74.21796792281337,0.0,NONE,0
7496,5003,2017-05-01 12:32:46.346,40.38701908236883,-74.21796792281337,0.0,NONE,0
7497,5003,2017-05-01 12:32:47.533,40.38701908236883,-74.21796792281337,0.0,NONE,0
7498,5003,2017-05-01 12:32:48.726,40.38701908236883,-74.21796792281337,0.0,NONE,0
7499,5003,2017-05-01 12:32:49.915,40.38701908236883,-74.21796792281337,0.0,NONE,0
7500,5003,2017-05-01 12:32:51.137,40.38701908236883,-74.21796792281337,0.0,NONE,0
7501,5003,2017-05-01 12:32:52.314,40.38701908236883,-74.21796792281337,0.0,NONE,0
7502,5003,2017-05-01 12:32:53.497,40.38701908236883,-74.21796792281337,0.0,NONE,0
7503,5003,2017-05-01 12:32:54.732,40.38701908236883,-74.21796792281337,0.0,NONE,0
7504,5003,2017-05-01 12:32:56.014,40.38701908236883,-74.21796792281337,0.0,NONE,0
7505,5003,2017-05-01 12:32:57.206,40.38701908236883,-74.21796792281337,0.0,NONE,0
7506,5003,2017-05-01 12:32:58.384,40.38701908236883,-74.21796792281337,0.0,NONE,0
7507,5003,2017-05-01 12:32:59.563,40.38701908236883,-74.21796792281337,0.0,NONE,0
7508,5003,2017-05-01 12:33:00.803,40.38701908236883,-74.21796792281337,0.0,NONE,0
7509,5003,2017-05-01 12:33:02.042,40.38701908236883,-74.21796792281337,0.0,NONE,0
7510,5003,2017-05-01 12:33:03.254,40.38701908236883,-74.21796792281337,0.0,NONE,0
7511,5003,2017-05-01 12:33:04.464,40.38701908236883,-74.21796792281337,0.0,NONE,0
7512,5003,2017-05-01 12:33:05.649,40.38701908236883,-74.21796792281337,0.0,NONE,0
7513,5003,2017-05-01 12:33:06.843,40.38701908236883,-74.21796792281337,0.0,NONE,0
7514,5003,2017-05-01 12:33:08.062,40.38701908236883,-74.21796792281337,0.0,NONE,0
7515,5003,2017-05-01 12:33:09.325,40.38701908236883,-74.21796792281337,0.0,NONE,0
7516,5003,2017-05-01 12:33:10.517,40.38701908236883,-74.21796792281337,0.0,NONE,0
7517,5003,2017-05-01 12:33:11.706,40.38701908236883,-74.21796792281337,0.0,NONE,0
7518,5003,2017-05-01 12:33:12.905,40.38701908236883,-74.21796792281337,0.0,NONE,0
7519,5003,2017-05-01 12:33:14.116,40.38701908236883,-74.21796792281337,0.0,NONE,0
7520,5003,2017-05-01 12:33:15.363,40.38701908236883,-74.21796792281337,0.0,NONE,0
7521,5003,2017-05-01 12:33:16.548,40.38701908236883,-74.21796792281337,0.0,NONE,0
7522,5003,2017-05-01 12:33:17.812,40.38701908236883,-74.21796792281337,0.0,NONE,0
7523,5003,2017-05-01 12:33:19.072,40.38701908236883,-74.21796792281337,0.0,NONE,0
7524,5003,2017-05-01 12:33:20.344,40.38701908236883,-74.21796792281337,0.0,NONE,0
7525,5003,2017-05-01 12:33:21.544,40.38701908236883,-74.21796792281337,0.0,NONE,0
7526,5003,2017-05-01 12:33:22.811,40.38701908236883,-74.21796792281337,0.0,NONE,0
7527,5003,2017-05-01 12:33:24.048,40.38701908236883,-74.21796792281337,0.0,NONE,0
7528,5003,2017-05-01 12:33:26.814,40.38701908236883,-74.21796792281337,0.0,NONE,0
7529,5003,2017-05-01 12:33:27.946,40.38701908236883,-74.21796792281337,0.0,NONE,0
7530,5003,2017-05-01 12:33:29.174,40.38701908236883,-74.21796792281337,0.0,NONE,0
7531,5003,2017-05-01 12:33:30.374,40.38701908236883,-74.21796792281337,0.0,NONE,0
7532,5003,2017-05-01 12:33:31.591,40.38701908236883,-74.21796792281337,0.0,NONE,0
7533,5003,2017-05-01 12:33:32.818,40.38701908236883,-74.21796792281337,0.0,NONE,0
7534,5003,2017-05-01 12:33:34.041,40.38701908236883,-74.21796792281337,0.0,NONE,0
7535,5003,2017-05-01 12:33:35.280,40.38701908236883,-74.21796792281337,0.0,NONE,0
7536,5003,2017-05-01 12:33:36.494,40.38701908236883,-74.21796792281337,0.0,NONE,0
7537,5003,2017-05-01 12:33:37.685,40.38701908236883,-74.21796792281337,0.0,NONE,0
7538,5003,2017-05-01 12:33:38.890,40.38701908236883,-74.21796792281337,0.0,NONE,0
7539,5003,2017-05-01 12:33:40.130,40.38701908236883,-74.21796792281337,0.0,NONE,0
7540,5003,2017-05-01 12:33:41.334,40.38701908236883,-74.21796792281337,0.0,NONE,0
7541,5003,2017-05-01 12:33:42.504,40.38701908236883,-74.21796792281337,0.0,NONE,0
7542,5003,2017-05-01 12:33:43.695,40.38701908236883,-74.21796792281337,0.0,NONE,0
7543,5003,2017-05-01 12:33:44.838,40.38701908236883,-74.21796792281337,0.0,NONE,0
7544,5003,2017-05-01 12:33:46.050,40.38701908236883,-74.21796792281337,0.0,NONE,0
7545,5003,2017-05-01 12:33:47.344,40.38701908236883,-74.21796792281337,0.0,NONE,0
7546,5003,2017-05-01 12:33:48.514,40.38701908236883,-74.21796792281337,0.0,NONE,0
7547,5003,2017-05-01 12:33:49.707,40.38701908236883,-74.21796792281337,0.0,NONE,0
7548,5003,2017-05-01 12:33:50.899,40.38701908236883,-74.21796792281337,0.0,NONE,0
7549,5003,2017-05-01 12:33:52.087,40.38701908236883,-74.21796792281337,0.0,NONE,0
7550,5003,2017-05-01 12:33:55.484,40.38701908236883,-74.21796792281337,0.0,NONE,0
7551,5003,2017-05-01 12:33:58.174,40.38701908236883,-74.21796792281337,0.0,NONE,0
7552,5003,2017-05-01 12:33:59.352,40.38701908236883,-74.21796792281337,0.0,NONE,0
7553,5003,2017-05-01 12:34:00.532,40.38701908236883,-74.21796792281337,0.0,NONE,0
7554,5003,2017-05-01 12:34:01.704,40.38701908236883,-74.21796792281337,0.0,NONE,0
7555,5003,2017-05-01 12:34:02.906,40.38701908236883,-74.21796792281337,0.0,NONE,0
7556,5003,2017-05-01 12:34:04.087,40.38701908236883,-74.21796792281337,0.0,NONE,0
7557,5003,2017-05-01 12:34:05.535,40.38701908236883,-74.21796792281337,0.0,NONE,0
7558,5003,2017-05-01 12:34:06.952,40.38701908236883,-74.21796792281337,0.0,NONE,0
7559,5003,2017-05-01 12:34:08.117,40.38701908236883,-74.21796792281337,0.0,NONE,0
7560,5003,2017-05-01 12:34:09.343,40.38701908236883,-74.21796792281337,0.0,NONE,0
7561,5003,2017-05-01 12:34:10.556,40.38701908236883,-74.21796792281337,0.0,NONE,0
7562,5003,2017-05-01 12:34:11.734,40.38701908236883,-74.21796792281337,0.0,NONE,0
7563,5003,2017-05-01 12:34:12.948,40.38701908236883,-74.21796792281337,0.0,NONE,0
7564,5003,2017-05-01 12:34:14.160,40.38701908236883,-74.21796792281337,0.0,NONE,0
7565,5003,2017-05-01 12:34:15.339,40.38701908236883,-74.21796792281337,0.0,NONE,0
7566,5003,2017-05-01 12:34:16.528,40.38701908236883,-74.21796792281337,0.0,NONE,0
7567,5003,2017-05-01 12:34:17.723,40.38701424954763,-74.21795508575019,0.0,NONE,0
7568,5003,2017-05-01 12:34:18.985,40.387008666774115,-74.21793100057407,0.0,NONE,0
7569,5003,2017-05-01 12:34:20.200,40.38700107683819,-74.21791057499047,0.0,NONE,0
7570,5003,2017-05-01 12:34:21.410,40.38696788074973,-74.21787426182284,0.0,NONE,0
7571,5003,2017-05-01 12:34:22.617,40.3869486603977,-74.21785775610348,0.0,NONE,0
7572,5003,2017-05-01 12:34:23.857,40.38693288171422,-74.21784512647594,0.0,NONE,0
7573,5003,2017-05-01 12:34:25.335,40.38692445181524,-74.21783128420621,0.0,NONE,0
7574,5003,2017-05-01 12:34:26.493,40.38691009772155,-74.21780618596863,0.0,NONE,0
7575,5003,2017-05-01 12:34:27.635,40.38690198691309,-74.21777496028638,0.0,NONE,0
7576,5003,2017-05-01 12:34:28.824,40.38690347009355,-74.21773036890492,0.0,NONE,0
7577,5003,2017-05-01 12:34:30.036,40.386918893352075,-74.21768359632594,0.0,NONE,0
7578,5003,2017-05-01 12:34:31.225,40.386942968826425,-74.21764543642108,0.0,NONE,0
7579,5003,2017-05-01 12:34:32.370,40.38696692740807,-74.21758332333533,0.0,NONE,0
7580,5003,2017-05-01 12:34:33.539,40.38696768104888,-74.21755422763485,0.0,NONE,0
7581,5003,2017-05-01 12:34:34.709,40.38695385229941,-74.21751362337176,0.0,NONE,0
7582,5003,2017-05-01 12:34:35.909,40.386928321894935,-74.21746736081151,0.0,NONE,0
7583,5003,2017-05-01 12:34:37.071,40.386883508518615,-74.21741079933686,0.0,NONE,0
7584,5003,2017-05-01 12:34:38.239,40.38681647447779,-74.21735321842631,0.0,NONE,0
7585,5003,2017-05-01 12:34:39.419,40.38664810192397,-74.21720260936286,0.0,NONE,0
7586,5003,2017-05-01 12:34:40.569,40.38655065091381,-74.21711294379023,0.0,NONE,0
7587,5003,2017-05-01 12:34:41.720,40.38644538261468,-74.21701268745633,0.0,NONE,0
7588,5003,2017-05-01 12:34:42.905,40.38633339323215,-74.21689998465145,0.0,NONE,0
7589,5003,2017-05-01 12:34:44.072,40.38621664670464,-74.2167768736105,0.0,NONE,0
7590,5003,2017-05-01 12:34:45.328,40.38609738112912,-74.21664393079786,0.0,NONE,0
7591,5003,2017-05-01 12:34:46.441,40.38585980441368,-74.21635468560855,0.0,NONE,0
7592,5003,2017-05-01 12:34:47.619,40.385744207443864,-74.21619939226863,0.0,NONE,0
7593,5003,2017-05-01 12:34:48.802,40.38562858722177,-74.2160423136613,0.0,NONE,0
7594,5003,2017-05-01 12:34:49.987,40.38551455942128,-74.2158752090367,0.0,NONE,0
7595,5003,2017-05-01 12:34:51.189,40.38539664109602,-74.21570966118301,0.0,NONE,0
7596,5003,2017-05-01 12:34:52.379,40.38516833153857,-74.21539626715003,0.0,NONE,0
7597,5003,2017-05-01 12:34:53.559,40.385057416439636,-74.21524925368605,0.0,NONE,0
7598,5003,2017-05-01 12:34:54.735,40.38495586119619,-74.21510512871032,0.0,NONE,0
7599,5003,2017-05-01 12:34:55.901,40.38485611313394,-74.21496784981566,0.0,NONE,0
7600,5003,2017-05-01 12:34:57.057,40.384760594952176,-74.21484006144831,0.0,NONE,0
7601,5003,2017-05-01 12:34:58.200,40.38466322903064,-74.21471720685116,0.0,NONE,0
7602,5003,2017-05-01 12:34:59.359,40.38449996235853,-74.21452250044109,0.0,NONE,0
7603,5003,2017-05-01 12:35:00.519,40.384445495652656,-74.21446330252256,0.0,NONE,0
7604,5003,2017-05-01 12:35:01.672,40.384388013460764,-74.21440551150313,0.0,NONE,0
7605,5003,2017-05-01 12:35:02.861,40.3843428204361,-74.21435941295914,0.0,NONE,0
7606,5003,2017-05-01 12:35:04.021,40.38430961507333,-74.21432165589184,0.0,NONE,0
7607,5003,2017-05-01 12:35:05.187,40.384278596113205,-74.21428484370652,0.0,NONE,0
7608,5003,2017-05-01 12:35:06.364,40.38422249636298,-74.21422641080451,0.0,NONE,0
7609,5003,2017-05-01 12:35:07.519,40.38420712380928,-74.21420918738622,0.0,NONE,0
7610,5003,2017-05-01 12:35:08.679,40.38420777079821,-74.21420594289594,0.0,NONE,0
7611,5003,2017-05-01 12:35:09.842,40.38420777079821,-74.21420594289594,0.0,NONE,0
7612,5003,2017-05-01 12:35:11.034,40.38420777079821,-74.21420594289594,0.0,NONE,0
7613,5003,2017-05-01 12:35:12.200,40.38420777079821,-74.21420594289594,0.0,NONE,0
7614,5003,2017-05-01 12:35:13.369,40.38420777079821,-74.21420594289594,0.0,NONE,0
7615,5003,2017-05-01 12:35:14.513,40.38420777079821,-74.21420594289594,0.0,NONE,0
7616,5003,2017-05-01 12:35:15.690,40.38420777079821,-74.21420594289594,0.0,NONE,0
7617,5003,2017-05-01 12:35:16.862,40.38420777079821,-74.21420594289594,0.0,NONE,0
7618,5003,2017-05-01 12:35:18.025,40.38420777079821,-74.21420594289594,0.0,NONE,0
7619,5003,2017-05-01 12:35:19.199,40.38420777079821,-74.21420594289594,0.0,NONE,0
7620,5003,2017-05-01 12:35:20.369,40.38420777079821,-74.21420594289594,0.0,NONE,0
7621,5003,2017-05-01 12:35:21.549,40.38420777079821,-74.21420594289594,0.0,NONE,0
7622,5003,2017-05-01 12:35:22.729,40.38420777079821,-74.21420594289594,0.0,NONE,0
7623,5003,2017-05-01 12:35:23.882,40.38420777079821,-74.21420594289594,0.0,NONE,0
7624,5003,2017-05-01 12:35:25.082,40.38420777079821,-74.21420594289594,0.0,NONE,0
7625,5003,2017-05-01 12:35:26.249,40.38415211720423,-74.21414950867286,0.0,NONE,0
7626,5003,2017-05-01 12:35:27.410,40.38406549036109,-74.2140666870549,0.0,NONE,0
7627,5003,2017-05-01 12:35:28.579,40.3840001786656,-74.21400935477291,0.0,NONE,0
7628,5003,2017-05-01 12:35:29.749,40.38392185825234,-74.21394090457109,0.0,NONE,0
7629,5003,2017-05-01 12:35:30.909,40.383834331191345,-74.21386802686565,0.0,NONE,0
7630,5003,2017-05-01 12:35:32.072,40.383736861265916,-74.21379159088356,0.0,NONE,0
7631,5003,2017-05-01 12:35:33.220,40.38363787129135,-74.21371287111528,0.0,NONE,0
7632,5003,2017-05-01 12:35:34.389,40.383420491252586,-74.2135443058542,0.0,NONE,0
7633,5003,2017-05-01 12:35:35.572,40.38330289970382,-74.21344818439422,0.0,NONE,0
7634,5003,2017-05-01 12:35:36.740,40.38317858883993,-74.21334280668758,0.0,NONE,0
7635,5003,2017-05-01 12:35:37.916,40.38305138268846,-74.21324160477498,0.0,NONE,0
7636,5003,2017-05-01 12:35:39.062,40.382926781321736,-74.21313886325244,0.0,NONE,0
7637,5003,2017-05-01 12:35:40.250,40.38279160504143,-74.21302870925699,0.0,NONE,0
7638,5003,2017-05-01 12:35:41.415,40.38250891010554,-74.21280049646194,0.0,NONE,0
7639,5003,2017-05-01 12:35:42.619,40.38236616396925,-74.21268317828432,0.0,NONE,0
7640,5003,2017-05-01 12:35:43.797,40.38222427298047,-74.2125651655091,0.0,NONE,0
7641,5003,2017-05-01 12:35:44.990,40.38209137190916,-74.21245086263237,0.0,NONE,0
7642,5003,2017-05-01 12:35:46.170,40.381965675526345,-74.21233887891475,0.0,NONE,0
7643,5003,2017-05-01 12:35:47.329,40.38170820395617,-74.21211524251461,0.0,NONE,0
7644,5003,2017-05-01 12:35:48.519,40.38157605434653,-74.21200191037342,0.0,NONE,0
7645,5003,2017-05-01 12:35:49.689,40.38147320452835,-74.21191723298458,0.0,NONE,0
7646,5003,2017-05-01 12:35:50.881,40.381383698660855,-74.21184215197775,0.0,NONE,0
7647,5003,2017-05-01 12:35:52.057,40.381313133329144,-74.21178701423179,0.0,NONE,0
7648,5003,2017-05-01 12:35:53.229,40.38125568264954,-74.21173899843956,0.0,NONE,0
7649,5003,2017-05-01 12:35:54.379,40.38116490788982,-74.21165937965078,0.0,NONE,0
7650,5003,2017-05-01 12:35:55.563,40.38113974753947,-74.21163540400701,0.0,NONE,0
7651,5003,2017-05-01 12:35:56.739,40.381129328457796,-74.21162314491389,0.0,NONE,0
7652,5003,2017-05-01 12:35:57.901,40.381129328457796,-74.21162314491389,0.0,NONE,0
7653,5003,2017-05-01 12:35:59.061,40.381129328457796,-74.21162314491389,0.0,NONE,0
7654,5003,2017-05-01 12:36:00.239,40.381129328457796,-74.21162314491389,0.0,NONE,0
7655,5003,2017-05-01 12:36:01.410,40.381129328457796,-74.21162314491389,0.0,NONE,0
7656,5003,2017-05-01 12:36:02.601,40.381129328457796,-74.21162314491389,0.0,NONE,0
7657,5003,2017-05-01 12:36:03.810,40.381129328457796,-74.21162314491389,0.0,NONE,0
7658,5003,2017-05-01 12:36:04.983,40.381129328457796,-74.21162314491389,0.0,NONE,0
7659,5003,2017-05-01 12:36:06.152,40.381129328457796,-74.21162314491389,0.0,NONE,0
7660,5003,2017-05-01 12:36:07.329,40.381129328457796,-74.21162314491389,0.0,NONE,0
7661,5003,2017-05-01 12:36:08.499,40.381129328457796,-74.21162314491389,0.0,NONE,0
7662,5003,2017-05-01 12:36:09.702,40.381129328457796,-74.21162314491389,0.0,NONE,0
7663,5003,2017-05-01 12:36:10.892,40.381129328457796,-74.21162314491389,0.0,NONE,0
7664,5003,2017-05-01 12:36:12.082,40.381129328457796,-74.21162314491389,0.0,NONE,0
7665,5003,2017-05-01 12:36:13.299,40.381129328457796,-74.21162314491389,0.0,NONE,0
7666,5003,2017-05-01 12:36:14.459,40.381129328457796,-74.21162314491389,0.0,NONE,0
7667,5003,2017-05-01 12:36:15.610,40.381129328457796,-74.21162314491389,0.0,NONE,0
7668,5003,2017-05-01 12:36:16.813,40.381129328457796,-74.21162314491389,0.0,NONE,0
7669,5003,2017-05-01 12:36:17.991,40.381129328457796,-74.21162314491389,0.0,NONE,0
7670,5003,2017-05-01 12:36:19.181,40.381129328457796,-74.21162314491389,0.0,NONE,0
7671,5003,2017-05-01 12:36:20.369,40.381129328457796,-74.21162314491389,0.0,NONE,0
7672,5003,2017-05-01 12:36:21.549,40.381129328457796,-74.21162314491389,0.0,NONE,0
7673,5003,2017-05-01 12:36:22.700,40.381129328457796,-74.21162314491389,0.0,NONE,0
7674,5003,2017-05-01 12:36:23.846,40.38103356884143,-74.21149791098624,0.0,NONE,0
7675,5003,2017-05-01 12:36:25.000,40.380982736845,-74.2114505456819,0.0,NONE,0
7676,5003,2017-05-01 12:36:26.179,40.380924497580175,-74.21139836093886,0.0,NONE,0
7677,5003,2017-05-01 12:36:27.360,40.380759038143985,-74.2112538829545,0.0,NONE,0
7678,5003,2017-05-01 12:36:28.529,40.38066174681091,-74.21117221220709,0.0,NONE,0
7679,5003,2017-05-01 12:36:29.727,40.38055348364506,-74.21108370905343,0.0,NONE,0
7680,5003,2017-05-01 12:36:30.899,40.380434186167626,-74.2109889865616,0.0,NONE,0
7681,5003,2017-05-01 12:36:32.061,40.38029269132686,-74.21088342582064,0.0,NONE,0
7682,5003,2017-05-01 12:36:33.229,40.380161370935916,-74.21077830589813,0.0,NONE,0
7683,5003,2017-05-01 12:36:34.389,40.379878592393645,-74.21054717545744,0.0,NONE,0
7684,5003,2017-05-01 12:36:35.537,40.379732629936655,-74.21043139689777,0.0,NONE,0
7685,5003,2017-05-01 12:36:36.709,40.37957774252948,-74.21031172261773,0.0,NONE,0
7686,5003,2017-05-01 12:36:37.886,40.37942044728895,-74.21019092655892,0.0,NONE,0
7687,5003,2017-05-01 12:36:39.082,40.37925999849191,-74.21006572930766,0.0,NONE,0
7688,5003,2017-05-01 12:36:40.284,40.37909175731412,-74.20992276581168,0.0,NONE,0
7689,5003,2017-05-01 12:36:41.460,40.378761555920114,-74.20962729977028,0.0,NONE,0
7690,5003,2017-05-01 12:36:42.572,40.37859754474598,-74.2094661486761,0.0,NONE,0
7691,5003,2017-05-01 12:36:43.760,40.37844234464961,-74.20929527549326,0.0,NONE,0
7692,5003,2017-05-01 12:36:44.921,40.37829759375589,-74.20911776948542,0.0,NONE,0
7693,5003,2017-05-01 12:36:46.091,40.37815592083022,-74.20893193446155,0.0,NONE,0
7694,5003,2017-05-01 12:36:47.301,40.378014643908465,-74.2087449580852,0.0,NONE,0
7695,5003,2017-05-01 12:36:48.469,40.37774163427907,-74.20836021322523,0.0,NONE,0
7696,5003,2017-05-01 12:36:49.647,40.37760234256141,-74.20816687656789,0.0,NONE,0
7697,5003,2017-05-01 12:36:50.823,40.37746549936157,-74.20797619584226,0.0,NONE,0
7698,5003,2017-05-01 12:36:52.037,40.37732423403224,-74.2077837358342,0.0,NONE,0
7699,5003,2017-05-01 12:36:53.229,40.37717479794611,-74.2075826694788,0.0,NONE,0
7700,5003,2017-05-01 12:36:54.410,40.376873086804906,-74.2071826331522,0.0,NONE,0
7701,5003,2017-05-01 12:36:55.609,40.37672900060307,-74.20699270561393,0.0,NONE,0
7702,5003,2017-05-01 12:36:56.812,40.376584493473594,-74.206791242296,0.0,NONE,0
7703,5003,2017-05-01 12:36:57.980,40.37643989210704,-74.20658801639588,0.0,NONE,0
7704,5003,2017-05-01 12:36:59.168,40.37629787204379,-74.20638598184907,0.0,NONE,0
7705,5003,2017-05-01 12:37:00.319,40.37614987930066,-74.20618482478804,0.0,NONE,0
7706,5003,2017-05-01 12:37:01.520,40.37583613128187,-74.2057743476692,0.0,NONE,0
7707,5003,2017-05-01 12:37:02.702,40.375672727316044,-74.2055729974241,0.0,NONE,0
7708,5003,2017-05-01 12:37:03.892,40.375518797464274,-74.20536286338225,0.0,NONE,0
7709,5003,2017-05-01 12:37:05.082,40.375373080785515,-74.20515594485626,0.0,NONE,0
7710,5003,2017-05-01 12:37:06.259,40.37523311982106,-74.20495453801934,0.0,NONE,0
7711,5003,2017-05-01 12:37:07.443,40.37494872346466,-74.20455624566138,0.0,NONE,0
7712,5003,2017-05-01 12:37:08.640,40.374802951795,-74.20436333819808,0.0,NONE,0
7713,5003,2017-05-01 12:37:09.819,40.374657136600426,-74.20417118732249,0.0,NONE,0
7714,5003,2017-05-01 12:37:10.979,40.37450706490977,-74.2039764827443,0.0,NONE,0
7715,5003,2017-05-01 12:37:12.169,40.374357897819074,-74.20380062863045,0.0,NONE,0
7716,5003,2017-05-01 12:37:13.329,40.37420468343355,-74.20363541552948,0.0,NONE,0
7717,5003,2017-05-01 12:37:14.508,40.37386997534092,-74.20332332581941,0.0,NONE,0
7718,5003,2017-05-01 12:37:15.679,40.37369897309423,-74.20318489900156,0.0,NONE,0
7719,5003,2017-05-01 12:37:16.863,40.373531460469614,-74.2030488593487,0.0,NONE,0
7720,5003,2017-05-01 12:37:18.036,40.37335550082186,-74.20290545565686,0.0,NONE,0
7721,5003,2017-05-01 12:37:19.198,40.373181440571024,-74.20276365892097,0.0,NONE,0
7722,5003,2017-05-01 12:37:20.389,40.37282600831516,-74.20247878331513,0.0,NONE,0
7723,5003,2017-05-01 12:37:21.539,40.37263964560336,-74.202327966426,0.0,NONE,0
7724,5003,2017-05-01 12:37:22.709,40.37245561133925,-74.20217888428046,0.0,NONE,0
7725,5003,2017-05-01 12:37:23.881,40.37227508760307,-74.20203102720214,0.0,NONE,0
7726,5003,2017-05-01 12:37:25.071,40.37209424822072,-74.20188377552986,0.0,NONE,0
7727,5003,2017-05-01 12:37:26.220,40.37191163517106,-74.20173378931058,0.0,NONE,0
7728,5003,2017-05-01 12:37:27.378,40.371552283867786,-74.20144130395761,0.0,NONE,0
7729,5003,2017-05-01 12:37:28.529,40.371377429239786,-74.20129656997648,0.0,NONE,0
7730,5003,2017-05-01 12:37:29.709,40.37120545094213,-74.20115589935027,0.0,NONE,0
7731,5003,2017-05-01 12:37:30.891,40.37103662878735,-74.20101690980009,0.0,NONE,0
7732,5003,2017-05-01 12:37:32.081,40.37086655200598,-74.20087786683783,0.0,NONE,0
7733,5003,2017-05-01 12:37:33.259,40.370696434563975,-74.20074402124115,0.0,NONE,0
7734,5003,2017-05-01 12:37:34.409,40.37036333630102,-74.20048425262756,0.0,NONE,0
7735,5003,2017-05-01 12:37:35.580,40.370191566540214,-74.2003525455634,0.0,NONE,0
7736,5003,2017-05-01 12:37:36.749,40.37002214598481,-74.20021823370774,0.0,NONE,0
7737,5003,2017-05-01 12:37:37.911,40.36985058770582,-74.20008127943929,0.0,NONE,0
7738,5003,2017-05-01 12:37:39.082,40.36968362982648,-74.19994960889441,0.0,NONE,0
7739,5003,2017-05-01 12:37:40.322,40.36950932268092,-74.19981183066734,0.0,NONE,0
7740,5003,2017-05-01 12:37:41.433,40.36915620116875,-74.19953653625039,0.0,NONE,0
7741,5003,2017-05-01 12:37:42.564,40.36897097467429,-74.19939312280593,0.0,NONE,0
7742,5003,2017-05-01 12:37:43.750,40.368791605650635,-74.19925506086877,0.0,NONE,0
7743,5003,2017-05-01 12:37:44.940,40.368611089725086,-74.19911703100807,0.0,NONE,0
7744,5003,2017-05-01 12:37:46.101,40.36843344534144,-74.19897866496291,0.0,NONE,0
7745,5003,2017-05-01 12:37:47.291,40.36825706143536,-74.19883523610469,0.0,NONE,0
7746,5003,2017-05-01 12:37:48.459,40.367895136801636,-74.19853852714205,0.0,NONE,0
7747,5003,2017-05-01 12:37:49.634,40.36771405870462,-74.19839156140675,0.0,NONE,0
7748,5003,2017-05-01 12:37:50.822,40.367536982991915,-74.19824187736421,0.0,NONE,0
7749,5003,2017-05-01 12:37:52.001,40.3673578908925,-74.19809228189861,0.0,NONE,0
7750,5003,2017-05-01 12:37:53.214,40.36716846116088,-74.19793780605242,0.0,NONE,0
7751,5003,2017-05-01 12:37:54.379,40.36679341823555,-74.19763194789181,0.0,NONE,0
7752,5003,2017-05-01 12:37:55.549,40.36661079619942,-74.19748424401388,0.0,NONE,0
7753,5003,2017-05-01 12:37:56.730,40.36643716333553,-74.19733565006335,0.0,NONE,0
7754,5003,2017-05-01 12:37:57.901,40.366262335860426,-74.19718616195698,0.0,NONE,0
7755,5003,2017-05-01 12:37:59.073,40.366094026628154,-74.19704219071173,0.0,NONE,0
7756,5003,2017-05-01 12:38:00.258,40.36593161391326,-74.19691545403775,0.0,NONE,0
7757,5003,2017-05-01 12:38:01.419,40.365611375141675,-74.19667140933431,0.0,NONE,0
7758,5003,2017-05-01 12:38:02.579,40.36545306060478,-74.19656155399653,0.0,NONE,0
7759,5003,2017-05-01 12:38:03.763,40.36529355615092,-74.19645820471804,0.0,NONE,0
7760,5003,2017-05-01 12:38:04.939,40.365136624770145,-74.19635557411381,0.0,NONE,0
7761,5003,2017-05-01 12:38:06.125,40.364975680616126,-74.19625865065817,0.0,NONE,0
7762,5003,2017-05-01 12:38:07.299,40.36480498997505,-74.19615068918165,0.0,NONE,0
7763,5003,2017-05-01 12:38:08.469,40.364460757362615,-74.19593424502078,0.0,NONE,0
7764,5003,2017-05-01 12:38:09.650,40.364286227808186,-74.19583286642067,0.0,NONE,0
7765,5003,2017-05-01 12:38:10.832,40.36410720100557,-74.1957396497282,0.0,NONE,0
7766,5003,2017-05-01 12:38:12.042,40.363926253942864,-74.19565363889468,0.0,NONE,0
7767,5003,2017-05-01 12:38:13.220,40.36374127175288,-74.19557377241689,0.0,NONE,0
7768,5003,2017-05-01 12:38:14.429,40.363362272676994,-74.19543015965847,0.0,NONE,0
7769,5003,2017-05-01 12:38:15.619,40.36317247988762,-74.19537036965798,0.0,NONE,0
7770,5003,2017-05-01 12:38:16.824,40.36297780694098,-74.19530979399205,0.0,NONE,0
7771,5003,2017-05-01 12:38:17.975,40.36278415783796,-74.19524811863646,0.0,NONE,0
7772,5003,2017-05-01 12:38:19.150,40.36258945581238,-74.19518519987939,0.0,NONE,0
7773,5003,2017-05-01 12:38:20.329,40.362386605846766,-74.19512838770522,0.0,NONE,0
7774,5003,2017-05-01 12:38:21.469,40.36198103193605,-74.1950331647359,0.0,NONE,0
7775,5003,2017-05-01 12:38:22.640,40.36178714934085,-74.19499764947076,0.0,NONE,0
7776,5003,2017-05-01 12:38:23.822,40.361589509735495,-74.19496516576368,0.0,NONE,0
7777,5003,2017-05-01 12:38:25.000,40.36138529913119,-74.19494108423989,0.0,NONE,0
7778,5003,2017-05-01 12:38:26.182,40.36118398685247,-74.19491574338117,0.0,NONE,0
7779,5003,2017-05-01 12:38:27.369,40.3607758515146,-74.19488540623716,0.0,NONE,0
7780,5003,2017-05-01 12:38:28.591,40.36056770446159,-74.19487710458316,0.0,NONE,0
7781,5003,2017-05-01 12:38:29.790,40.36035851191466,-74.1948779578196,0.0,NONE,0
7782,5003,2017-05-01 12:38:30.980,40.36015144322789,-74.19487700353298,0.0,NONE,0
7783,5003,2017-05-01 12:38:32.210,40.359945635692505,-74.1948826623024,0.0,NONE,0
7784,5003,2017-05-01 12:38:33.410,40.35951878814557,-74.19489798347826,0.0,NONE,0
7785,5003,2017-05-01 12:38:34.599,40.3593018001909,-74.19490727217084,0.0,NONE,0
7786,5003,2017-05-01 12:38:35.786,40.359083945018504,-74.1949159472834,0.0,NONE,0
7787,5003,2017-05-01 12:38:36.990,40.35886253544138,-74.19492351491452,0.0,NONE,0
7788,5003,2017-05-01 12:38:38.160,40.35864063353136,-74.19493117636796,0.0,NONE,0
7789,5003,2017-05-01 12:38:39.330,40.35841918777995,-74.19493890214925,0.0,NONE,0
7790,5003,2017-05-01 12:38:40.511,40.35797696979567,-74.19495870128567,0.0,NONE,0
7791,5003,2017-05-01 12:38:41.651,40.357754288740175,-74.19496876579056,0.0,NONE,0
7792,5003,2017-05-01 12:38:42.763,40.35753730908555,-74.19497344214544,0.0,NONE,0
7793,5003,2017-05-01 12:38:43.887,40.3573311940312,-74.19497991090834,0.0,NONE,0
7794,5003,2017-05-01 12:38:45.071,40.35713271243215,-74.19498841242853,0.0,NONE,0
7795,5003,2017-05-01 12:38:46.281,40.356940725025,-74.19499700922893,0.0,NONE,0
7796,5003,2017-05-01 12:38:47.450,40.35655856393627,-74.19501750668036,0.0,NONE,0
7797,5003,2017-05-01 12:38:48.609,40.356370149661096,-74.19502510974131,0.0,NONE,0
7798,5003,2017-05-01 12:38:49.824,40.35618106494736,-74.19503215436904,0.0,NONE,0
7799,5003,2017-05-01 12:38:50.942,40.355986689466626,-74.19503655822355,0.0,NONE,0
7800,5003,2017-05-01 12:38:52.100,40.35579323295308,-74.19503777143586,0.0,NONE,0
7801,5003,2017-05-01 12:38:53.280,40.35559883394081,-74.19504148254835,0.0,NONE,0
7802,5003,2017-05-01 12:38:54.450,40.355201616279174,-74.19505497352762,0.0,NONE,0
7803,5003,2017-05-01 12:38:55.581,40.3550036467093,-74.19506420436555,0.0,NONE,0
7804,5003,2017-05-01 12:38:56.791,40.35480369657541,-74.19507421982382,0.0,NONE,0
7805,5003,2017-05-01 12:38:58.017,40.35459949478308,-74.19508200738235,0.0,NONE,0
7806,5003,2017-05-01 12:38:59.180,40.354391898055155,-74.19508840832316,0.0,NONE,0
7807,5003,2017-05-01 12:39:00.385,40.35397634877005,-74.195106100417,0.0,NONE,0
7808,5003,2017-05-01 12:39:01.570,40.35376614777138,-74.19511435071651,0.0,NONE,0
7809,5003,2017-05-01 12:39:02.730,40.35355713924094,-74.19512368557719,0.0,NONE,0
7810,5003,2017-05-01 12:39:03.901,40.3533473324145,-74.19513369670997,0.0,NONE,0
7811,5003,2017-05-01 12:39:05.082,40.353137076870155,-74.1951438014094,0.0,NONE,0
7812,5003,2017-05-01 12:39:06.280,40.352925757110924,-74.19515349163022,0.0,NONE,0
7813,5003,2017-05-01 12:39:07.489,40.352504360091096,-74.19517034640428,0.0,NONE,0
7814,5003,2017-05-01 12:39:08.669,40.35229354567659,-74.19517748177086,0.0,NONE,0
7815,5003,2017-05-01 12:39:09.909,40.3520815988515,-74.19518460939986,0.0,NONE,0
7816,5003,2017-05-01 12:39:11.116,40.35186966561648,-74.19519223542122,0.0,NONE,0
7817,5003,2017-05-01 12:39:12.299,40.35165744453351,-74.19519976684536,0.0,NONE,0
7818,5003,2017-05-01 12:39:13.483,40.35144690928479,-74.19520477815193,0.0,NONE,0
7819,5003,2017-05-01 12:39:14.684,40.351022509881695,-74.19521815871354,0.0,NONE,0
7820,5003,2017-05-01 12:39:15.881,40.350809470700504,-74.1952272942783,0.0,NONE,0
7821,5003,2017-05-01 12:39:17.100,40.350592397977394,-74.19523432489747,0.0,NONE,0
7822,5003,2017-05-01 12:39:18.300,40.35037622449603,-74.19524129641016,0.0,NONE,0
7823,5003,2017-05-01 12:39:19.449,40.349937652448254,-74.19525650473204,0.0,NONE,0
7824,5003,2017-05-01 12:39:20.599,40.34972024009618,-74.19526493571658,0.0,NONE,0
7825,5003,2017-05-01 12:39:21.810,40.34950129281626,-74.19527390823964,0.0,NONE,0
7826,5003,2017-05-01 12:39:23.029,40.349281639009405,-74.1952816758591,0.0,NONE,0
7827,5003,2017-05-01 12:39:24.168,40.34906227863131,-74.19528956745195,0.0,NONE,0
7828,5003,2017-05-01 12:39:25.359,40.348626266644864,-74.19530532785656,0.0,NONE,0
7829,5003,2017-05-01 12:39:26.569,40.348410116376535,-74.19531474219669,0.0,NONE,0
7830,5003,2017-05-01 12:39:27.739,40.34819354895701,-74.19532307089428,0.0,NONE,0
7831,5003,2017-05-01 12:39:28.930,40.347977935487904,-74.19533103841133,0.0,NONE,0
7832,5003,2017-05-01 12:39:30.111,40.34776412698512,-74.19533917679338,0.0,NONE,0
7833,5003,2017-05-01 12:39:31.319,40.34755021485822,-74.19535226261662,0.0,NONE,0
7834,5003,2017-05-01 12:39:32.519,40.34713228919374,-74.19536634764565,0.0,NONE,0
7835,5003,2017-05-01 12:39:33.699,40.346924485624754,-74.1953836831268,0.0,NONE,0
7836,5003,2017-05-01 12:39:34.884,40.34671661840834,-74.19539814130898,0.0,NONE,0
7837,5003,2017-05-01 12:39:36.071,40.34652070197893,-74.1954094568697,0.0,NONE,0
7838,5003,2017-05-01 12:39:37.281,40.346324900309625,-74.19541923807222,0.0,NONE,0
7839,5003,2017-05-01 12:39:38.449,40.34594460272091,-74.19543279529618,0.0,NONE,0
7840,5003,2017-05-01 12:39:39.629,40.34576019559582,-74.19543660665124,0.0,NONE,0
7841,5003,2017-05-01 12:39:40.807,40.34557683625468,-74.1954405786344,0.0,NONE,0
7842,5003,2017-05-01 12:39:41.990,40.34538371687417,-74.19544782191468,0.0,NONE,0
7843,5003,2017-05-01 12:39:43.209,40.34518767018065,-74.1954518812277,0.0,NONE,0
7844,5003,2017-05-01 12:39:44.409,40.344781103952585,-74.19546962613862,0.0,NONE,0
7845,5003,2017-05-01 12:39:45.607,40.344596447190064,-74.19547165853977,0.0,NONE,0
7846,5003,2017-05-01 12:39:46.807,40.34440827057061,-74.19547815007863,0.0,NONE,0
7847,5003,2017-05-01 12:39:47.971,40.344210765491056,-74.19548459131582,0.0,NONE,0
7848,5003,2017-05-01 12:39:49.151,40.344009088507185,-74.1954917391126,0.0,NONE,0
7849,5003,2017-05-01 12:39:50.331,40.343815153050336,-74.19549552810457,0.0,NONE,0
7850,5003,2017-05-01 12:39:51.543,40.343428880908746,-74.19548566359411,0.0,NONE,0
7851,5003,2017-05-01 12:39:52.739,40.34323578412196,-74.19547469930075,0.0,NONE,0
7852,5003,2017-05-01 12:39:53.936,40.3430501772617,-74.19545757521092,0.0,NONE,0
7853,5003,2017-05-01 12:39:55.120,40.342856423269716,-74.19543893196823,0.0,NONE,0
7854,5003,2017-05-01 12:39:56.331,40.342670040165046,-74.19541671619572,0.0,NONE,0
7855,5003,2017-05-01 12:39:57.521,40.34229219656411,-74.19539772524519,0.0,NONE,0
7856,5003,2017-05-01 12:39:58.709,40.34210561560213,-74.19537448015242,0.0,NONE,0
7857,5003,2017-05-01 12:39:59.904,40.34191522046269,-74.19534906214017,0.0,NONE,0
7858,5003,2017-05-01 12:40:01.091,40.34173361644158,-74.19532443730041,0.0,NONE,0
7859,5003,2017-05-01 12:40:02.289,40.34155155386194,-74.19530689123376,0.0,NONE,0
7860,5003,2017-05-01 12:40:03.463,40.34115554468907,-74.19524320043823,0.0,NONE,0
7861,5003,2017-05-01 12:40:04.629,40.340967229199,-74.1952129992088,0.0,NONE,0
7862,5003,2017-05-01 12:40:05.830,40.340781311829325,-74.19517290943162,0.0,NONE,0
7863,5003,2017-05-01 12:40:07.017,40.34060133093115,-74.19513583408013,0.0,NONE,0
7864,5003,2017-05-01 12:40:08.186,40.34043141372821,-74.19510675686392,0.0,NONE,0
7865,5003,2017-05-01 12:40:09.399,40.34007983539368,-74.19503267120346,0.0,NONE,0
7866,5003,2017-05-01 12:40:10.579,40.33991076575282,-74.19497634229349,0.0,NONE,0
7867,5003,2017-05-01 12:40:11.793,40.33973214237771,-74.19491667660456,0.0,NONE,0
7868,5003,2017-05-01 12:40:13.000,40.339553383302565,-74.19486708592909,0.0,NONE,0
7869,5003,2017-05-01 12:40:14.220,40.33939371162745,-74.19482723313831,0.0,NONE,0
7870,5003,2017-05-01 12:40:15.410,40.33906126246432,-74.1947369216952,0.0,NONE,0
7871,5003,2017-05-01 12:40:16.599,40.33889722507184,-74.19468808603722,0.0,NONE,0
7872,5003,2017-05-01 12:40:17.804,40.33873350118143,-74.1946357305655,0.0,NONE,0
7873,5003,2017-05-01 12:40:18.982,40.3385762921402,-74.19458788118258,0.0,NONE,0
7874,5003,2017-05-01 12:40:20.121,40.338435288228894,-74.1945471368111,0.0,NONE,0
7875,5003,2017-05-01 12:40:21.320,40.3383107541126,-74.19450758401517,0.0,NONE,0
7876,5003,2017-05-01 12:40:22.533,40.33813268936853,-74.19444736341839,0.0,NONE,0
7877,5003,2017-05-01 12:40:23.667,40.33807764072674,-74.19443906413652,0.0,NONE,0
7878,5003,2017-05-01 12:40:24.866,40.33804861831066,-74.19446093837871,0.0,NONE,0
7879,5003,2017-05-01 12:40:26.039,40.33803058907823,-74.19449760181048,0.0,NONE,0
7880,5003,2017-05-01 12:40:27.197,40.33800913899868,-74.19455965078338,0.0,NONE,0
7881,5003,2017-05-01 12:40:28.339,40.33799024170144,-74.1946262010744,0.0,NONE,0
7882,5003,2017-05-01 12:40:29.479,40.33792933305433,-74.19489150550132,0.0,NONE,0
7883,5003,2017-05-01 12:40:30.649,40.337906053299804,-74.1950147930153,0.0,NONE,0
7884,5003,2017-05-01 12:40:31.832,40.33787959256549,-74.19515627766937,0.0,NONE,0
7885,5003,2017-05-01 12:40:33.039,40.33785885636247,-74.19531647601946,0.0,NONE,0
7886,5003,2017-05-01 12:40:34.221,40.33783831499944,-74.19548644317719,0.0,NONE,0
7887,5003,2017-05-01 12:40:35.369,40.3378325223845,-74.19584304065619,0.0,NONE,0
7888,5003,2017-05-01 12:40:36.542,40.337844163047535,-74.19603403568458,0.0,NONE,0
7889,5003,2017-05-01 12:40:37.727,40.33786693447518,-74.19621161308454,0.0,NONE,0
7890,5003,2017-05-01 12:40:38.906,40.337899842561534,-74.19639064843967,0.0,NONE,0
7891,5003,2017-05-01 12:40:40.071,40.33796341689616,-74.19653995204442,0.0,NONE,0
7892,5003,2017-05-01 12:40:41.275,40.33802951604872,-74.19670350781638,0.0,NONE,0
7893,5003,2017-05-01 12:40:42.440,40.33815143184108,-74.19702532038674,0.0,NONE,0
7894,5003,2017-05-01 12:40:43.669,40.33820084727752,-74.19716826691484,0.0,NONE,0
7895,5003,2017-05-01 12:40:44.839,40.33825731701963,-74.19733567621257,0.0,NONE,0
7896,5003,2017-05-01 12:40:45.995,40.33827509356036,-74.19750057621191,0.0,NONE,0
7897,5003,2017-05-01 12:40:47.165,40.33828770540644,-74.19767890935282,0.0,NONE,0
7898,5003,2017-05-01 12:40:48.334,40.338284857675056,-74.1978457613896,0.0,NONE,0
7899,5003,2017-05-01 12:40:49.479,40.338264265525545,-74.19822277648959,0.0,NONE,0
7900,5003,2017-05-01 12:40:50.634,40.33824523067493,-74.1984310796885,0.0,NONE,0
7901,5003,2017-05-01 12:40:51.819,40.338222397319754,-74.19863644614905,0.0,NONE,0
7902,5003,2017-05-01 12:40:53.003,40.33819720725029,-74.19883686698311,0.0,NONE,0
7903,5003,2017-05-01 12:40:54.157,40.33816743133342,-74.19902827676734,0.0,NONE,0
7904,5003,2017-05-01 12:40:55.334,40.33813670678544,-74.19923719493886,0.0,NONE,0
7905,5003,2017-05-01 12:40:56.514,40.33806345525761,-74.19962924848016,0.0,NONE,0
7906,5003,2017-05-01 12:40:57.655,40.33802340832773,-74.1998428041541,0.0,NONE,0
7907,5003,2017-05-01 12:40:58.821,40.33798600035254,-74.20004030608882,0.0,NONE,0
7908,5003,2017-05-01 12:40:59.985,40.33794528406074,-74.2002399425565,0.0,NONE,0
7909,5003,2017-05-01 12:41:01.167,40.33790607165974,-74.20044212174462,0.0,NONE,0
7910,5003,2017-05-01 12:41:02.354,40.33786857400581,-74.20064586640383,0.0,NONE,0
7911,5003,2017-05-01 12:41:03.523,40.33781110773116,-74.2010303663472,0.0,NONE,0
7912,5003,2017-05-01 12:41:04.684,40.33778526537145,-74.20120598348562,0.0,NONE,0
7913,5003,2017-05-01 12:41:05.838,40.33776537391364,-74.20138208823654,0.0,NONE,0
7914,5003,2017-05-01 12:41:07.031,40.33774845227744,-74.20156990522493,0.0,NONE,0
7915,5003,2017-05-01 12:41:08.214,40.33773720493382,-74.20175162476504,0.0,NONE,0
7916,5003,2017-05-01 12:41:09.374,40.3377462617071,-74.20216158939421,0.0,NONE,0
7917,5003,2017-05-01 12:41:10.554,40.3377632669391,-74.2023770682663,0.0,NONE,0
7918,5003,2017-05-01 12:41:11.716,40.3377857230202,-74.20259585263406,0.0,NONE,0
7919,5003,2017-05-01 12:41:12.899,40.33780990412583,-74.20281218157065,0.0,NONE,0
7920,5003,2017-05-01 12:41:14.106,40.3378388019458,-74.20303863168098,0.0,NONE,0
7921,5003,2017-05-01 12:41:15.260,40.337869638530904,-74.20327517593208,0.0,NONE,0
7922,5003,2017-05-01 12:41:16.466,40.33793883075723,-74.20368909026712,0.0,NONE,0
7923,5003,2017-05-01 12:41:17.614,40.33797101765353,-74.20388187914159,0.0,NONE,0
7924,5003,2017-05-01 12:41:18.782,40.338003011740895,-74.2040655459652,0.0,NONE,0
7925,5003,2017-05-01 12:41:19.955,40.33803030218835,-74.20424157975985,0.0,NONE,0
7926,5003,2017-05-01 12:41:21.125,40.338049980396875,-74.2044246802845,0.0,NONE,0
7927,5003,2017-05-01 12:41:22.255,40.338062457328746,-74.20462439798393,0.0,NONE,0
7928,5003,2017-05-01 12:41:23.406,40.33807066244703,-74.20505595715852,0.0,NONE,0
7929,5003,2017-05-01 12:41:24.554,40.33807132865389,-74.20525492483203,0.0,NONE,0
7930,5003,2017-05-01 12:41:25.718,40.33806359591005,-74.20544896582058,0.0,NONE,0
7931,5003,2017-05-01 12:41:26.896,40.33805593974217,-74.20563903719516,0.0,NONE,0
7932,5003,2017-05-01 12:41:28.043,40.33804898211059,-74.20582325198993,0.0,NONE,0
7933,5003,2017-05-01 12:41:29.212,40.33804239381324,-74.20602236022737,0.0,NONE,0
7934,5003,2017-05-01 12:41:30.365,40.33803016453806,-74.20643383607033,0.0,NONE,0
7935,5003,2017-05-01 12:41:31.525,40.33802997423188,-74.20662999608689,0.0,NONE,0
7936,5003,2017-05-01 12:41:32.697,40.33802793336966,-74.2068166833546,0.0,NONE,0
7937,5003,2017-05-01 12:41:33.857,40.33802530072149,-74.20699286628849,0.0,NONE,0
7938,5003,2017-05-01 12:41:35.038,40.33802259786887,-74.2071591148292,0.0,NONE,0
7939,5003,2017-05-01 12:41:36.224,40.338013947214904,-74.20731243564424,0.0,NONE,0
7940,5003,2017-05-01 12:41:37.364,40.337969626750436,-74.20763199952847,0.0,NONE,0
7941,5003,2017-05-01 12:41:38.505,40.33793665869098,-74.20780931596609,0.0,NONE,0
7942,5003,2017-05-01 12:41:39.664,40.33790272265388,-74.20798898316912,0.0,NONE,0
7943,5003,2017-05-01 12:41:40.826,40.33786648325529,-74.20816660950419,0.0,NONE,0
7944,5003,2017-05-01 12:41:42.002,40.337827068293905,-74.20835263371559,0.0,NONE,0
7945,5003,2017-05-01 12:41:43.174,40.33777509756997,-74.20856256307934,0.0,NONE,0
7946,5003,2017-05-01 12:41:44.364,40.33766859978994,-74.20896444933022,0.0,NONE,0
7947,5003,2017-05-01 12:41:45.516,40.337612148779485,-74.209149320519,0.0,NONE,0
7948,5003,2017-05-01 12:41:46.694,40.33755037424077,-74.20933715276567,0.0,NONE,0
7949,5003,2017-05-01 12:41:47.876,40.337490186262755,-74.20950658023139,0.0,NONE,0
7950,5003,2017-05-01 12:41:49.041,40.337425092065466,-74.209686435912,0.0,NONE,0
7951,5003,2017-05-01 12:41:50.234,40.337352221591665,-74.20987334432428,0.0,NONE,0
7952,5003,2017-05-01 12:41:51.384,40.33721576138679,-74.21023905586512,0.0,NONE,0
7953,5003,2017-05-01 12:41:52.564,40.337147561287246,-74.2104224819173,0.0,NONE,0
7954,5003,2017-05-01 12:41:53.744,40.33708424803262,-74.21059440269799,0.0,NONE,0
7955,5003,2017-05-01 12:41:54.907,40.33701905427027,-74.21077277002368,0.0,NONE,0
7956,5003,2017-05-01 12:41:56.067,40.336954973542795,-74.21095501191357,0.0,NONE,0
7957,5003,2017-05-01 12:41:57.277,40.33689165480486,-74.21114159474766,0.0,NONE,0
7958,5003,2017-05-01 12:41:58.454,40.33678493606482,-74.21149449086623,0.0,NONE,0
7959,5003,2017-05-01 12:41:59.614,40.33674052161592,-74.21165380365417,0.0,NONE,0
7960,5003,2017-05-01 12:42:00.808,40.336689889284926,-74.21182049854411,0.0,NONE,0
7961,5003,2017-05-01 12:42:01.995,40.33664947377057,-74.2119529261035,0.0,NONE,0
7962,5003,2017-05-01 12:42:03.185,40.336613743507804,-74.21206828832139,0.0,NONE,0
7963,5003,2017-05-01 12:42:04.383,40.33656178036775,-74.21222679802811,0.0,NONE,0
7964,5003,2017-05-01 12:42:05.564,40.33655869946857,-74.21227767617822,0.0,NONE,0
7965,5003,2017-05-01 12:42:06.744,40.33657498045297,-74.21231619063255,0.0,NONE,0
7966,5003,2017-05-01 12:42:07.905,40.33659799007478,-74.21235740885201,0.0,NONE,0
7967,5003,2017-05-01 12:42:09.067,40.33661848730699,-74.21237979185436,0.0,NONE,0
7968,5003,2017-05-01 12:42:10.255,40.33663646243372,-74.21242113152086,0.0,NONE,0
7969,5003,2017-05-01 12:42:11.424,40.33664909621244,-74.21248515946175,0.0,NONE,0
7970,5003,2017-05-01 12:42:12.644,40.33663776318384,-74.21250457109944,0.0,NONE,0
7971,5003,2017-05-01 12:42:13.817,40.33662906043581,-74.21253163833349,0.0,NONE,0
7972,5003,2017-05-01 12:42:14.973,40.33662024252209,-74.21256797998184,0.0,NONE,0
7973,5003,2017-05-01 12:42:16.164,40.336598384823745,-74.2126111024914,0.0,NONE,0
7974,5003,2017-05-01 12:42:17.324,40.33656965196682,-74.21264965617631,0.0,NONE,0
7975,5003,2017-05-01 12:42:18.534,40.33656156475855,-74.21270004217106,0.0,NONE,0
7976,5003,2017-05-01 12:42:19.715,40.33655654902268,-74.21273020950217,0.0,NONE,0
7977,5003,2017-05-01 12:42:20.876,40.336543729658075,-74.21276429178981,0.0,NONE,0
7978,5003,2017-05-01 12:42:22.047,40.33654306129592,-74.21280030499702,0.0,NONE,0
7979,5003,2017-05-01 12:42:23.225,40.33654226633214,-74.21283190240335,0.0,NONE,0
7980,5003,2017-05-01 12:42:24.373,40.33653680987643,-74.21287225496513,0.0,NONE,0
7981,5003,2017-05-01 12:42:25.537,40.33653520153223,-74.21287313685875,0.0,NONE,0
7982,5003,2017-05-01 12:42:26.705,40.33653520153223,-74.21287313685875,0.0,NONE,0
7983,5003,2017-05-01 12:42:27.876,40.33653520153223,-74.21287313685875,0.0,NONE,0
7984,5003,2017-05-01 12:42:29.070,40.33653520153223,-74.21287313685875,0.0,NONE,0
7985,5003,2017-05-01 12:42:30.252,40.33653520153223,-74.21287313685875,0.0,NONE,0
7986,5003,2017-05-01 12:42:31.414,40.33653520153223,-74.21287313685875,0.0,NONE,0
7987,5003,2017-05-01 12:42:32.594,40.33653520153223,-74.21287313685875,0.0,NONE,0
7988,5003,2017-05-01 12:42:33.804,40.33653520153223,-74.21287313685875,0.0,NONE,0
7989,5003,2017-05-01 12:42:34.991,40.33653520153223,-74.21287313685875,0.0,NONE,0
7990,5003,2017-05-01 12:42:36.188,40.33653520153223,-74.21287313685875,0.0,NONE,0
7991,5003,2017-05-01 12:42:37.385,40.33653520153223,-74.21287313685875,0.0,NONE,0
7992,5003,2017-05-01 12:42:38.544,40.33653520153223,-74.21287313685875,0.0,NONE,0
7993,5003,2017-05-01 12:42:39.718,40.33653520153223,-74.21287313685875,0.0,NONE,0
7994,5003,2017-05-01 12:42:40.840,40.33653520153223,-74.21287313685875,0.0,NONE,0
7995,5003,2017-05-01 12:42:41.957,40.33653520153223,-74.21287313685875,0.0,NONE,0
7996,5003,2017-05-01 12:42:43.076,40.33653520153223,-74.21287313685875,0.0,NONE,0
7997,5003,2017-05-01 12:42:44.224,40.33653520153223,-74.21287313685875,0.0,NONE,0
