43225,6006,2017-05-01 12:21:54.838,40.3973815891076,-74.222769253928,5.0,SNOW,50
43226,6006,2017-05-01 12:21:56.620,40.3973815891076,-74.222769253928,5.0,SNOW,50
43227,6006,2017-05-01 12:21:57.920,40.3973815891076,-74.222769253928,5.0,SNOW,50
43228,6006,2017-05-01 12:21:59.067,40.3973815891076,-74.222769253928,5.0,SNOW,50
43229,6006,2017-05-01 12:22:00.219,40.3973815891076,-74.222769253928,5.0,SNOW,50
43230,6006,2017-05-01 12:22:01.393,40.3973815891076,-74.222769253928,5.0,SNOW,50
43231,6006,2017-05-01 12:22:02.560,40.3973815891076,-74.222769253928,5.0,SNOW,50
43232,6006,2017-05-01 12:22:04.039,40.3973815891076,-74.222769253928,5.0,SNOW,50
43233,6006,2017-05-01 12:22:05.231,40.3973815891076,-74.222769253928,5.0,SNOW,50
43234,6006,2017-05-01 12:22:06.411,40.39731526753687,-74.22279239904657,5.0,SNOW,50
43235,6006,2017-05-01 12:22:07.579,40.39731526753687,-74.22279239904657,5.0,SNOW,50
43236,6006,2017-05-01 12:22:08.749,40.39731526753687,-74.22279239904657,5.0,SNOW,50
43237,6006,2017-05-01 12:22:09.949,40.39731526753687,-74.22279239904657,5.0,SNOW,50
43238,6006,2017-05-01 12:22:11.108,40.39731526753687,-74.22279239904657,5.0,SNOW,50
43239,6006,2017-05-01 12:22:12.269,40.39731526753687,-74.22279239904657,5.0,SNOW,50
43240,6006,2017-05-01 12:22:13.667,40.39731526753687,-74.22279239904657,5.0,SNOW,50
43241,6006,2017-05-01 12:22:14.835,40.39731526753687,-74.22279239904657,5.0,SNOW,50
43242,6006,2017-05-01 12:22:16.055,40.39731526753687,-74.22279239904657,5.0,SNOW,50
43243,6006,2017-05-01 12:22:17.229,40.39731526753687,-74.22279239904657,5.0,SNOW,50
43244,6006,2017-05-01 12:22:18.389,40.39731526753687,-74.22279239904657,5.0,SNOW,50
43245,6006,2017-05-01 12:22:19.623,40.39731526753687,-74.22279239904657,5.0,SNOW,50
43246,6006,2017-05-01 12:22:20.799,40.39731526753687,-74.22279239904657,5.0,SNOW,50
43247,6006,2017-05-01 12:22:21.969,40.39731526753687,-74.22279239904657,5.0,SNOW,50
43248,6006,2017-05-01 12:22:23.121,40.397232873126484,-74.2228376445056,5.0,SNOW,50
43249,6006,2017-05-01 12:22:24.298,40.39721983264925,-74.22286290813129,5.0,SNOW,50
43250,6006,2017-05-01 12:22:25.550,40.39719762341112,-74.22291891752037,5.0,SNOW,50
43251,6006,2017-05-01 12:22:26.719,40.397188529805966,-74.22294358559064,5.0,SNOW,50
43252,6006,2017-05-01 12:22:27.872,40.397174372051026,-74.22297963636403,5.0,SNOW,50
43253,6006,2017-05-01 12:22:29.043,40.3971562529331,-74.22302124040334,5.0,SNOW,50
43254,6006,2017-05-01 12:22:30.197,40.397140215208935,-74.22306010211697,5.0,SNOW,50
43255,6006,2017-05-01 12:22:31.359,40.39711245597722,-74.22312546699754,5.0,SNOW,50
43256,6006,2017-05-01 12:22:32.537,40.397096654989674,-74.22314169060976,5.0,SNOW,50
43257,6006,2017-05-01 12:22:33.702,40.39707502469955,-74.22314811149,5.0,SNOW,50
43258,6006,2017-05-01 12:22:34.907,40.39705536336005,-74.22314109346767,5.0,SNOW,50
43259,6006,2017-05-01 12:22:36.063,40.3970277338489,-74.22312089582354,5.0,SNOW,50
43260,6006,2017-05-01 12:22:37.233,40.39701206411441,-74.22309504670137,5.0,SNOW,50
43261,6006,2017-05-01 12:22:38.439,40.397003625676774,-74.2230407393417,5.0,SNOW,50
43262,6006,2017-05-01 12:22:39.620,40.39700613995851,-74.22301637457743,5.0,SNOW,50
43263,6006,2017-05-01 12:22:40.842,40.39701627110544,-74.22298340645794,5.0,SNOW,50
43264,6006,2017-05-01 12:22:42.025,40.39702978619636,-74.22295500804985,5.0,SNOW,50
43265,6006,2017-05-01 12:22:43.181,40.397039279758,-74.22293698865843,5.0,SNOW,50
43266,6006,2017-05-01 12:22:44.370,40.397053051515485,-74.22290501145565,5.0,SNOW,50
43267,6006,2017-05-01 12:22:45.558,40.39705786192014,-74.22289597351036,5.0,SNOW,50
43268,6006,2017-05-01 12:22:46.732,40.39706099800381,-74.22288835971734,5.0,SNOW,50
43269,6006,2017-05-01 12:22:47.892,40.39706456828446,-74.22288430730973,5.0,SNOW,50
43270,6006,2017-05-01 12:22:49.050,40.397067661239,-74.22287918724945,5.0,SNOW,50
43271,6006,2017-05-01 12:22:50.294,40.39706994309208,-74.22287571194455,5.0,SNOW,50
43272,6006,2017-05-01 12:22:51.479,40.39707513315293,-74.22286815522992,5.0,SNOW,50
43273,6006,2017-05-01 12:22:52.629,40.39707563411571,-74.22286193511339,5.0,SNOW,50
43274,6006,2017-05-01 12:22:53.892,40.39707199476999,-74.22285664723222,5.0,SNOW,50
43275,6006,2017-05-01 12:22:55.040,40.39706546198327,-74.22285169458837,5.0,SNOW,50
43276,6006,2017-05-01 12:22:56.189,40.397059596634286,-74.22284635673775,5.0,SNOW,50
43277,6006,2017-05-01 12:22:57.328,40.39705605438803,-74.22283866318207,5.0,SNOW,50
43278,6006,2017-05-01 12:22:58.511,40.39705431528816,-74.22282218879212,5.0,SNOW,50
43279,6006,2017-05-01 12:22:59.737,40.39705833456407,-74.22280630184197,5.0,SNOW,50
43280,6006,2017-05-01 12:23:00.881,40.397063936092756,-74.22279125387803,5.0,SNOW,50
43281,6006,2017-05-01 12:23:02.039,40.39706804489817,-74.22277177216698,5.0,SNOW,50
43282,6006,2017-05-01 12:23:03.199,40.39707489095317,-74.22274716150491,5.0,SNOW,50
43283,6006,2017-05-01 12:23:04.358,40.39709568747211,-74.22269306869345,5.0,SNOW,50
43284,6006,2017-05-01 12:23:05.529,40.39711050750363,-74.22266352231209,5.0,SNOW,50
43285,6006,2017-05-01 12:23:06.707,40.39712284656551,-74.22263190722765,5.0,SNOW,50
43286,6006,2017-05-01 12:23:07.902,40.397126241967506,-74.22260639132793,5.0,SNOW,50
43287,6006,2017-05-01 12:23:09.149,40.39712803677825,-74.2225867628637,5.0,SNOW,50
43288,6006,2017-05-01 12:23:10.309,40.39712102479988,-74.22255197201235,5.0,SNOW,50
43289,6006,2017-05-01 12:23:11.479,40.39707147773393,-74.22247855614135,5.0,SNOW,50
43290,6006,2017-05-01 12:23:12.659,40.39703485134895,-74.22243226502864,5.0,SNOW,50
43291,6006,2017-05-01 12:23:13.834,40.396993896718875,-74.22237079249916,5.0,SNOW,50
43292,6006,2017-05-01 12:23:15.009,40.396948877087866,-74.22230472842207,5.0,SNOW,50
43293,6006,2017-05-01 12:23:16.179,40.39690759152649,-74.22224746829815,5.0,SNOW,50
43294,6006,2017-05-01 12:23:17.349,40.39683064746778,-74.22214359902156,5.0,SNOW,50
43295,6006,2017-05-01 12:23:18.549,40.396789094129055,-74.22209264681902,5.0,SNOW,50
43296,6006,2017-05-01 12:23:19.709,40.39674936391957,-74.2220632687869,5.0,SNOW,50
43297,6006,2017-05-01 12:23:20.882,40.396715415044675,-74.22203565190061,5.0,SNOW,50
43298,6006,2017-05-01 12:23:22.049,40.396665962741324,-74.22201530641314,5.0,SNOW,50
43299,6006,2017-05-01 12:23:23.230,40.39661441270913,-74.22201516380463,5.0,SNOW,50
43300,6006,2017-05-01 12:23:24.368,40.39649360029321,-74.22206522102682,5.0,SNOW,50
43301,6006,2017-05-01 12:23:25.549,40.396420895250884,-74.22211988133694,5.0,SNOW,50
43302,6006,2017-05-01 12:23:26.730,40.39634585603151,-74.22218232768896,5.0,SNOW,50
43303,6006,2017-05-01 12:23:27.909,40.39626224047516,-74.22225910916822,5.0,SNOW,50
43304,6006,2017-05-01 12:23:29.072,40.396179000619775,-74.22234529380115,5.0,SNOW,50
43305,6006,2017-05-01 12:23:30.249,40.39611218912609,-74.22242378163679,5.0,SNOW,50
43306,6006,2017-05-01 12:23:31.409,40.395976765168996,-74.22259070543227,5.0,SNOW,50
43307,6006,2017-05-01 12:23:32.584,40.395903483780884,-74.2226796824315,5.0,SNOW,50
43308,6006,2017-05-01 12:23:33.759,40.39584582271386,-74.22275724052581,5.0,SNOW,50
43309,6006,2017-05-01 12:23:34.919,40.395791443437,-74.22283149698322,5.0,SNOW,50
43310,6006,2017-05-01 12:23:36.087,40.39574145030886,-74.22289807880409,5.0,SNOW,50
43311,6006,2017-05-01 12:23:37.260,40.39569945439411,-74.2229494298438,5.0,SNOW,50
43312,6006,2017-05-01 12:23:38.429,40.395627474051835,-74.22302256289598,5.0,SNOW,50
43313,6006,2017-05-01 12:23:39.608,40.395606342624575,-74.22304033965383,5.0,SNOW,50
43314,6006,2017-05-01 12:23:40.779,40.395596913381745,-74.22304595805532,5.0,SNOW,50
43315,6006,2017-05-01 12:23:41.950,40.395596913381745,-74.22304595805532,5.0,SNOW,50
43316,6006,2017-05-01 12:23:43.127,40.395596913381745,-74.22304595805532,5.0,SNOW,50
43317,6006,2017-05-01 12:23:44.352,40.395596913381745,-74.22304595805532,5.0,SNOW,50
43318,6006,2017-05-01 12:23:45.529,40.395596913381745,-74.22304595805532,5.0,SNOW,50
43319,6006,2017-05-01 12:23:46.719,40.395596913381745,-74.22304595805532,5.0,SNOW,50
43320,6006,2017-05-01 12:23:47.883,40.395596913381745,-74.22304595805532,5.0,SNOW,50
43321,6006,2017-05-01 12:23:49.044,40.395596913381745,-74.22304595805532,5.0,SNOW,50
43322,6006,2017-05-01 12:23:50.219,40.395596913381745,-74.22304595805532,5.0,SNOW,50
43323,6006,2017-05-01 12:23:51.397,40.395596913381745,-74.22304595805532,5.0,SNOW,50
43324,6006,2017-05-01 12:23:52.559,40.395596913381745,-74.22304595805532,5.0,SNOW,50
43325,6006,2017-05-01 12:23:53.739,40.395596913381745,-74.22304595805532,5.0,SNOW,50
43326,6006,2017-05-01 12:23:54.912,40.395596913381745,-74.22304595805532,5.0,SNOW,50
43327,6006,2017-05-01 12:23:56.124,40.395596913381745,-74.22304595805532,5.0,SNOW,50
43328,6006,2017-05-01 12:23:57.298,40.395596913381745,-74.22304595805532,5.0,SNOW,50
43329,6006,2017-05-01 12:23:58.459,40.395596913381745,-74.22304595805532,5.0,SNOW,50
43330,6006,2017-05-01 12:23:59.639,40.395596913381745,-74.22304595805532,5.0,SNOW,50
43331,6006,2017-05-01 12:24:00.790,40.395596913381745,-74.22304595805532,5.0,SNOW,50
43332,6006,2017-05-01 12:24:02.039,40.395596913381745,-74.22304595805532,5.0,SNOW,50
43333,6006,2017-05-01 12:24:03.202,40.395596913381745,-74.22304595805532,5.0,SNOW,50
43334,6006,2017-05-01 12:24:04.370,40.395596913381745,-74.22304595805532,5.0,SNOW,50
43335,6006,2017-05-01 12:24:05.610,40.395596913381745,-74.22304595805532,5.0,SNOW,50
43336,6006,2017-05-01 12:24:06.790,40.395596910620135,-74.22304605349339,5.0,SNOW,50
43337,6006,2017-05-01 12:24:07.952,40.39560366098331,-74.22305175560894,5.0,SNOW,50
43338,6006,2017-05-01 12:24:09.361,40.39562641320119,-74.2230544626993,5.0,SNOW,50
43339,6006,2017-05-01 12:24:10.549,40.395639866961325,-74.22305443136746,5.0,SNOW,50
43340,6006,2017-05-01 12:24:11.718,40.39565440644795,-74.22305192583039,5.0,SNOW,50
43341,6006,2017-05-01 12:24:13.144,40.39566919038537,-74.2230469941035,5.0,SNOW,50
43342,6006,2017-05-01 12:24:14.319,40.39569195260114,-74.22303836369534,5.0,SNOW,50
43343,6006,2017-05-01 12:24:15.500,40.39570108729452,-74.22303173879395,5.0,SNOW,50
43344,6006,2017-05-01 12:24:16.689,40.39570806045633,-74.22302339867556,5.0,SNOW,50
43345,6006,2017-05-01 12:24:17.862,40.39571249058904,-74.2230202083318,5.0,SNOW,50
43346,6006,2017-05-01 12:24:19.048,40.39571657212188,-74.2230193065662,5.0,SNOW,50
43347,6006,2017-05-01 12:24:20.209,40.39571993767928,-74.22302081380406,5.0,SNOW,50
43348,6006,2017-05-01 12:24:21.379,40.39572386747594,-74.22302084307002,5.0,SNOW,50
43349,6006,2017-05-01 12:24:22.578,40.39572466570903,-74.22302116578516,5.0,SNOW,50
43350,6006,2017-05-01 12:24:23.799,40.395725218258974,-74.22302143888949,5.0,SNOW,50
43351,6006,2017-05-01 12:24:24.979,40.3957253844924,-74.22302185508411,5.0,SNOW,50
43352,6006,2017-05-01 12:24:26.150,40.39572489009922,-74.22302277383514,5.0,SNOW,50
43353,6006,2017-05-01 12:24:27.329,40.39572345560181,-74.22302403471332,5.0,SNOW,50
43354,6006,2017-05-01 12:24:28.480,40.39571878749651,-74.2230277168552,5.0,SNOW,50
43355,6006,2017-05-01 12:24:29.669,40.39571626972774,-74.22303063567448,5.0,SNOW,50
43356,6006,2017-05-01 12:24:30.862,40.395714012195825,-74.22303319813675,5.0,SNOW,50
43357,6006,2017-05-01 12:24:32.062,40.395711778773475,-74.22303465134081,5.0,SNOW,50
43358,6006,2017-05-01 12:24:33.279,40.39571002265626,-74.22303539303093,5.0,SNOW,50
43359,6006,2017-05-01 12:24:34.447,40.3957074433582,-74.22303583094609,5.0,SNOW,50
43360,6006,2017-05-01 12:24:35.619,40.39570372062947,-74.22303731676023,5.0,SNOW,50
43361,6006,2017-05-01 12:24:36.807,40.395695269607934,-74.22303605500363,5.0,SNOW,50
43362,6006,2017-05-01 12:24:37.999,40.39568560589726,-74.223031361519,5.0,SNOW,50
43363,6006,2017-05-01 12:24:39.138,40.395676673789524,-74.22302708327088,5.0,SNOW,50
43364,6006,2017-05-01 12:24:40.325,40.395667779834056,-74.22302354831398,5.0,SNOW,50
43365,6006,2017-05-01 12:24:41.478,40.39565210550029,-74.2230181606783,5.0,SNOW,50
43366,6006,2017-05-01 12:24:42.631,40.3956449359638,-74.22301600812133,5.0,SNOW,50
43367,6006,2017-05-01 12:24:43.828,40.395637992128655,-74.22301462411816,5.0,SNOW,50
43368,6006,2017-05-01 12:24:44.990,40.39563079038059,-74.22301371878737,5.0,SNOW,50
43369,6006,2017-05-01 12:24:46.149,40.39562344072891,-74.22301254589763,5.0,SNOW,50
43370,6006,2017-05-01 12:24:47.309,40.3956160896011,-74.22301066939389,5.0,SNOW,50
43371,6006,2017-05-01 12:24:48.477,40.39560235673557,-74.2230088037483,5.0,SNOW,50
43372,6006,2017-05-01 12:24:49.649,40.39559629965361,-74.22301066925746,5.0,SNOW,50
43373,6006,2017-05-01 12:24:50.826,40.395591129252594,-74.22301231879817,5.0,SNOW,50
43374,6006,2017-05-01 12:24:52.019,40.39558653253398,-74.22301337137716,5.0,SNOW,50
43375,6006,2017-05-01 12:24:53.199,40.395582918759004,-74.22301479549122,5.0,SNOW,50
43376,6006,2017-05-01 12:24:54.365,40.395579327849184,-74.22301918450323,5.0,SNOW,50
43377,6006,2017-05-01 12:24:55.539,40.39557968488252,-74.22302166827697,5.0,SNOW,50
43378,6006,2017-05-01 12:24:56.739,40.395581558924896,-74.22302482606722,5.0,SNOW,50
43379,6006,2017-05-01 12:24:57.942,40.39558531824615,-74.22302734258508,5.0,SNOW,50
43380,6006,2017-05-01 12:24:59.129,40.39558970000766,-74.22302882672435,5.0,SNOW,50
43381,6006,2017-05-01 12:25:00.309,40.395594810617084,-74.22303028475523,5.0,SNOW,50
43382,6006,2017-05-01 12:25:01.467,40.39560221708798,-74.22303532572826,5.0,SNOW,50
43383,6006,2017-05-01 12:25:02.639,40.395604693257134,-74.22303727816988,5.0,SNOW,50
43384,6006,2017-05-01 12:25:03.843,40.395606295875176,-74.22303832610353,5.0,SNOW,50
43385,6006,2017-05-01 12:25:05.259,40.395607183471135,-74.2230382956305,5.0,SNOW,50
43386,6006,2017-05-01 12:25:06.438,40.395607275775525,-74.22304055488745,5.0,SNOW,50
43387,6006,2017-05-01 12:25:07.611,40.395604178257074,-74.22304659692779,5.0,SNOW,50
43388,6006,2017-05-01 12:25:08.801,40.39559729916664,-74.22305727532309,5.0,SNOW,50
43389,6006,2017-05-01 12:25:09.970,40.39557491540965,-74.22308903658585,5.0,SNOW,50
43390,6006,2017-05-01 12:25:11.139,40.3955297666058,-74.22313409551674,5.0,SNOW,50
43391,6006,2017-05-01 12:25:15.292,40.395298916258916,-74.22315680314532,5.0,SNOW,50
43392,6006,2017-05-01 12:25:16.470,40.39514492305163,-74.22308742586485,5.0,SNOW,50
43393,6006,2017-05-01 12:25:17.649,40.395045618064884,-74.22304166741154,5.0,SNOW,50
43394,6006,2017-05-01 12:25:18.833,40.39493411446494,-74.22298444185611,5.0,SNOW,50
43395,6006,2017-05-01 12:25:20.017,40.39479973403365,-74.2229096309819,5.0,SNOW,50
43396,6006,2017-05-01 12:25:21.179,40.3946729692548,-74.22283716590849,5.0,SNOW,50
43397,6006,2017-05-01 12:25:22.384,40.394399434492506,-74.22268749884834,5.0,SNOW,50
43398,6006,2017-05-01 12:25:23.570,40.39425110507658,-74.22260654198485,5.0,SNOW,50
43399,6006,2017-05-01 12:25:24.759,40.39410277797951,-74.22252253944032,5.0,SNOW,50
43400,6006,2017-05-01 12:25:25.949,40.39396053843557,-74.22243966501951,5.0,SNOW,50
43401,6006,2017-05-01 12:25:27.154,40.39382358130154,-74.22235512427437,5.0,SNOW,50
43402,6006,2017-05-01 12:25:28.340,40.39355222510864,-74.22218709520254,5.0,SNOW,50
43403,6006,2017-05-01 12:25:29.949,40.39341019463623,-74.2220969580628,5.0,SNOW,50
43404,6006,2017-05-01 12:25:31.129,40.393266704176455,-74.22200911404117,5.0,SNOW,50
43405,6006,2017-05-01 12:25:32.330,40.39311446425999,-74.22191241043546,5.0,SNOW,50
43406,6006,2017-05-01 12:25:33.518,40.39279353277906,-74.22170670625954,5.0,SNOW,50
43407,6006,2017-05-01 12:25:34.709,40.39263070310122,-74.22160128211095,5.0,SNOW,50
43408,6006,2017-05-01 12:25:35.952,40.392466636084635,-74.2214899391051,5.0,SNOW,50
43409,6006,2017-05-01 12:25:37.117,40.39230533925611,-74.22138155325142,5.0,SNOW,50
43410,6006,2017-05-01 12:25:38.269,40.392144089122816,-74.2212735617685,5.0,SNOW,50
43411,6006,2017-05-01 12:25:39.417,40.39182050507544,-74.22104744318321,5.0,SNOW,50
43412,6006,2017-05-01 12:25:40.600,40.39165518327058,-74.22093231963113,5.0,SNOW,50
43413,6006,2017-05-01 12:25:41.786,40.39149429127123,-74.22081800941167,5.0,SNOW,50
43414,6006,2017-05-01 12:25:42.949,40.39133672984449,-74.22071019283561,5.0,SNOW,50
43415,6006,2017-05-01 12:25:44.147,40.391179576695215,-74.22060009189182,5.0,SNOW,50
43416,6006,2017-05-01 12:25:45.379,40.39086099412719,-74.22037409143735,5.0,SNOW,50
43417,6006,2017-05-01 12:25:46.560,40.39069871902363,-74.22026044957448,5.0,SNOW,50
43418,6006,2017-05-01 12:25:47.738,40.390534004227845,-74.22014453070442,5.0,SNOW,50
43419,6006,2017-05-01 12:25:48.921,40.390366801304936,-74.22002584568136,5.0,SNOW,50
43420,6006,2017-05-01 12:25:50.117,40.3901968189707,-74.21990512200023,5.0,SNOW,50
43421,6006,2017-05-01 12:25:51.319,40.3900262952926,-74.21978428074857,5.0,SNOW,50
43422,6006,2017-05-01 12:25:52.477,40.38967867711591,-74.21953371038413,5.0,SNOW,50
43423,6006,2017-05-01 12:25:53.637,40.389510901518676,-74.21940549182423,5.0,SNOW,50
43424,6006,2017-05-01 12:25:54.846,40.389338757554256,-74.21927962642455,5.0,SNOW,50
43425,6006,2017-05-01 12:25:56.028,40.389167322213275,-74.21915413539419,5.0,SNOW,50
43426,6006,2017-05-01 12:25:57.210,40.38899316543,-74.21902637296702,5.0,SNOW,50
43427,6006,2017-05-01 12:25:58.389,40.38866024974496,-74.21877625695832,5.0,SNOW,50
43428,6006,2017-05-01 12:25:59.569,40.388498443181355,-74.2186570240349,5.0,SNOW,50
43429,6006,2017-05-01 12:26:00.790,40.38834404631339,-74.21854426403672,5.0,SNOW,50
43430,6006,2017-05-01 12:26:01.978,40.38819260784122,-74.21843300954028,5.0,SNOW,50
43431,6006,2017-05-01 12:26:03.147,40.388041548992966,-74.21831945396775,5.0,SNOW,50
43432,6006,2017-05-01 12:26:04.318,40.38790967049758,-74.21821867970871,5.0,SNOW,50
43433,6006,2017-05-01 12:26:05.510,40.387692631453824,-74.2180570196229,5.0,SNOW,50
43434,6006,2017-05-01 12:26:06.687,40.38759979379848,-74.21798908542735,5.0,SNOW,50
43435,6006,2017-05-01 12:26:07.862,40.38751007840644,-74.21792451799107,5.0,SNOW,50
43436,6006,2017-05-01 12:26:09.047,40.38743188201746,-74.21786736717321,5.0,SNOW,50
43437,6006,2017-05-01 12:26:10.240,40.38736660190018,-74.21781790365075,5.0,SNOW,50
43438,6006,2017-05-01 12:26:11.421,40.3872849497224,-74.21777775181516,5.0,SNOW,50
43439,6006,2017-05-01 12:26:12.609,40.387240778259596,-74.21777616539666,5.0,SNOW,50
43440,6006,2017-05-01 12:26:13.820,40.38719940054826,-74.21780015756808,5.0,SNOW,50
43441,6006,2017-05-01 12:26:14.998,40.387183861339516,-74.21781763593731,5.0,SNOW,50
43442,6006,2017-05-01 12:26:16.185,40.387161985221155,-74.21784569440271,5.0,SNOW,50
43443,6006,2017-05-01 12:26:17.378,40.387117884997785,-74.21789888135135,5.0,SNOW,50
43444,6006,2017-05-01 12:26:18.569,40.38710065850494,-74.21792032612949,5.0,SNOW,50
43445,6006,2017-05-01 12:26:19.853,40.387079188259975,-74.21793920721827,5.0,SNOW,50
43446,6006,2017-05-01 12:26:21.289,40.38706192859248,-74.21794975255297,5.0,SNOW,50
43447,6006,2017-05-01 12:26:22.517,40.38703951319719,-74.21794511914555,5.0,SNOW,50
43448,6006,2017-05-01 12:26:23.691,40.3870318734462,-74.217943338609,5.0,SNOW,50
43449,6006,2017-05-01 12:26:24.872,40.38701897571737,-74.21793791159605,5.0,SNOW,50
43450,6006,2017-05-01 12:26:26.102,40.38701160544559,-74.21794255152201,5.0,SNOW,50
43451,6006,2017-05-01 12:26:27.309,40.38701160544559,-74.21794255152201,5.0,SNOW,50
43452,6006,2017-05-01 12:26:28.509,40.38701160544559,-74.21794255152201,5.0,SNOW,50
43453,6006,2017-05-01 12:26:29.688,40.38701160544559,-74.21794255152201,5.0,SNOW,50
43454,6006,2017-05-01 12:26:30.889,40.38701160544559,-74.21794255152201,5.0,SNOW,50
43455,6006,2017-05-01 12:26:32.329,40.38701160544559,-74.21794255152201,5.0,SNOW,50
43456,6006,2017-05-01 12:26:33.519,40.38701160544559,-74.21794255152201,5.0,SNOW,50
43457,6006,2017-05-01 12:26:34.707,40.38701160544559,-74.21794255152201,5.0,SNOW,50
43458,6006,2017-05-01 12:26:37.389,40.38701160544559,-74.21794255152201,5.0,SNOW,50
43459,6006,2017-05-01 12:26:38.537,40.38701160544559,-74.21794255152201,5.0,SNOW,50
43460,6006,2017-05-01 12:26:39.730,40.38701160544559,-74.21794255152201,5.0,SNOW,50
43461,6006,2017-05-01 12:26:42.279,40.386997826659716,-74.21794127954482,5.0,SNOW,50
43462,6006,2017-05-01 12:26:44.700,40.386990174727224,-74.21793463628943,5.0,SNOW,50
43463,6006,2017-05-01 12:26:45.930,40.3869900006249,-74.2179321722527,5.0,SNOW,50
43464,6006,2017-05-01 12:26:47.140,40.38699270721525,-74.217935054861,5.0,SNOW,50
43465,6006,2017-05-01 12:26:48.339,40.38699681580469,-74.21793733299795,5.0,SNOW,50
43466,6006,2017-05-01 12:26:49.520,40.38700100755444,-74.21793843719855,5.0,SNOW,50
43467,6006,2017-05-01 12:26:50.709,40.38700213667447,-74.2179415808974,5.0,SNOW,50
43468,6006,2017-05-01 12:26:51.930,40.38700243315237,-74.21794670471574,5.0,SNOW,50
43469,6006,2017-05-01 12:26:53.174,40.38700242088537,-74.21794964996293,5.0,SNOW,50
43470,6006,2017-05-01 12:26:54.359,40.38700531736651,-74.21795600006303,5.0,SNOW,50
43471,6006,2017-05-01 12:26:55.614,40.387005472040855,-74.21795571682205,5.0,SNOW,50
43472,6006,2017-05-01 12:26:58.280,40.38701189468957,-74.21795402821175,5.0,SNOW,50
43473,6006,2017-05-01 12:26:59.469,40.38701354328237,-74.21794816407673,5.0,SNOW,50
43474,6006,2017-05-01 12:27:01.892,40.38701714187795,-74.21793968944962,5.0,SNOW,50
43475,6006,2017-05-01 12:27:03.209,40.38702004807169,-74.21793493760569,5.0,SNOW,50
43476,6006,2017-05-01 12:27:04.399,40.38702529148011,-74.21792931996269,5.0,SNOW,50
43477,6006,2017-05-01 12:27:05.633,40.38702648206525,-74.21793365824226,5.0,SNOW,50
43478,6006,2017-05-01 12:27:06.830,40.38702642860679,-74.2179387216465,5.0,SNOW,50
43479,6006,2017-05-01 12:27:08.052,40.38702637558899,-74.21794313956455,5.0,SNOW,50
43480,6006,2017-05-01 12:27:09.239,40.38702558155043,-74.21794837564886,5.0,SNOW,50
43481,6006,2017-05-01 12:27:10.419,40.38702645842962,-74.21795685067652,5.0,SNOW,50
43482,6006,2017-05-01 12:27:11.626,40.38702914243582,-74.2179594743363,5.0,SNOW,50
43483,6006,2017-05-01 12:27:12.862,40.38703096528276,-74.21796136972897,5.0,SNOW,50
43484,6006,2017-05-01 12:27:18.277,40.38703989079848,-74.21794518773838,5.0,SNOW,50
43485,6006,2017-05-01 12:27:19.459,40.38703652317304,-74.2179349385147,5.0,SNOW,50
43486,6006,2017-05-01 12:27:20.642,40.38703331640819,-74.21793215946286,5.0,SNOW,50
43487,6006,2017-05-01 12:27:24.175,40.387032469893796,-74.21794108112395,5.0,SNOW,50
43488,6006,2017-05-01 12:27:25.359,40.38703227862206,-74.21794702948237,5.0,SNOW,50
43489,6006,2017-05-01 12:27:26.539,40.38703141379685,-74.2179522695671,5.0,SNOW,50
43490,6006,2017-05-01 12:27:27.739,40.38703021331418,-74.21795434263818,5.0,SNOW,50
43491,6006,2017-05-01 12:27:28.994,40.387029113318576,-74.21795677000354,5.0,SNOW,50
43492,6006,2017-05-01 12:27:30.169,40.38702879064884,-74.21796109649407,5.0,SNOW,50
43493,6006,2017-05-01 12:27:31.363,40.3870274205198,-74.21797505631798,5.0,SNOW,50
43494,6006,2017-05-01 12:27:32.553,40.387024886780175,-74.21798295421752,5.0,SNOW,50
43495,6006,2017-05-01 12:27:33.769,40.38702258762339,-74.21798917444086,5.0,SNOW,50
43496,6006,2017-05-01 12:27:34.974,40.387019585212826,-74.21799185005244,5.0,SNOW,50
43497,6006,2017-05-01 12:27:36.425,40.387014997874616,-74.21799930446538,5.0,SNOW,50
43498,6006,2017-05-01 12:27:37.649,40.38701349356621,-74.21800410683998,5.0,SNOW,50
43499,6006,2017-05-01 12:27:38.867,40.3870126093739,-74.21800817507803,5.0,SNOW,50
43500,6006,2017-05-01 12:27:41.583,40.387017327485125,-74.2180161229761,5.0,SNOW,50
43501,6006,2017-05-01 12:27:42.820,40.38702049800913,-74.21801705811029,5.0,SNOW,50
43502,6006,2017-05-01 12:27:44.063,40.38702388004033,-74.21801715651803,5.0,SNOW,50
43503,6006,2017-05-01 12:27:45.511,40.387027811161076,-74.21801321857114,5.0,SNOW,50
43504,6006,2017-05-01 12:27:46.705,40.38702820168551,-74.21800721002415,5.0,SNOW,50
43505,6006,2017-05-01 12:27:47.919,40.38702772246011,-74.21800066983504,5.0,SNOW,50
43506,6006,2017-05-01 12:27:49.137,40.38702645088239,-74.21799497060925,5.0,SNOW,50
43507,6006,2017-05-01 12:27:56.301,40.38701881261127,-74.21797624823463,5.0,SNOW,50
43508,6006,2017-05-01 12:27:57.474,40.38701754659888,-74.21797307717087,5.0,SNOW,50
43509,6006,2017-05-01 12:27:58.624,40.38701765497429,-74.21797053859628,5.0,SNOW,50
43510,6006,2017-05-01 12:28:02.388,40.38701908236856,-74.21796792281414,5.0,SNOW,50
43511,6006,2017-05-01 12:28:03.603,40.38701908236882,-74.21796792281337,5.0,SNOW,50
43512,6006,2017-05-01 12:28:04.786,40.38701908236883,-74.21796792281337,5.0,SNOW,50
43513,6006,2017-05-01 12:28:05.999,40.38701908236883,-74.21796792281337,5.0,SNOW,50
43514,6006,2017-05-01 12:28:07.183,40.38701908236883,-74.21796792281337,5.0,SNOW,50
43515,6006,2017-05-01 12:28:08.690,40.38701908236883,-74.21796792281337,5.0,SNOW,50
43516,6006,2017-05-01 12:28:09.928,40.38701908236883,-74.21796792281337,5.0,SNOW,50
43517,6006,2017-05-01 12:28:11.139,40.38701908236883,-74.21796792281337,5.0,SNOW,50
43518,6006,2017-05-01 12:28:12.344,40.38701908236883,-74.21796792281337,5.0,SNOW,50
43519,6006,2017-05-01 12:28:13.539,40.38701908236883,-74.21796792281337,5.0,SNOW,50
43520,6006,2017-05-01 12:28:14.744,40.38701908236883,-74.21796792281337,5.0,SNOW,50
43521,6006,2017-05-01 12:28:15.942,40.38701908236883,-74.21796792281337,5.0,SNOW,50
43522,6006,2017-05-01 12:28:17.144,40.38701908236883,-74.21796792281337,5.0,SNOW,50
43523,6006,2017-05-01 12:28:18.339,40.38701908236883,-74.21796792281337,5.0,SNOW,50
43524,6006,2017-05-01 12:28:21.078,40.38701908236883,-74.21796792281337,5.0,SNOW,50
43525,6006,2017-05-01 12:28:22.285,40.38701908236883,-74.21796792281337,5.0,SNOW,50
43526,6006,2017-05-01 12:28:23.452,40.38701908236883,-74.21796792281337,5.0,SNOW,50
43527,6006,2017-05-01 12:28:24.643,40.38701908236883,-74.21796792281337,5.0,SNOW,50
43528,6006,2017-05-01 12:28:25.865,40.38701908236883,-74.21796792281337,5.0,SNOW,50
43529,6006,2017-05-01 12:28:27.051,40.38701908236883,-74.21796792281337,5.0,SNOW,50
43530,6006,2017-05-01 12:28:28.244,40.38701908236883,-74.21796792281337,5.0,SNOW,50
43531,6006,2017-05-01 12:28:29.439,40.38701908236883,-74.21796792281337,5.0,SNOW,50
43532,6006,2017-05-01 12:28:32.096,40.38701908236883,-74.21796792281337,5.0,SNOW,50
43533,6006,2017-05-01 12:28:33.295,40.38701908236883,-74.21796792281337,5.0,SNOW,50
43534,6006,2017-05-01 12:28:34.463,40.38701908236883,-74.21796792281337,5.0,SNOW,50
43535,6006,2017-05-01 12:28:35.625,40.38701908236883,-74.21796792281337,5.0,SNOW,50
43536,6006,2017-05-01 12:28:36.881,40.38701908236883,-74.21796792281337,5.0,SNOW,50
43537,6006,2017-05-01 12:28:38.066,40.38701908236883,-74.21796792281337,5.0,SNOW,50
43538,6006,2017-05-01 12:28:39.204,40.38701908236883,-74.21796792281337,5.0,SNOW,50
43539,6006,2017-05-01 12:28:40.389,40.38701908236883,-74.21796792281337,5.0,SNOW,50
43540,6006,2017-05-01 12:28:41.569,40.38701908236883,-74.21796792281337,5.0,SNOW,50
43541,6006,2017-05-01 12:28:42.823,40.38701908236883,-74.21796792281337,5.0,SNOW,50
43542,6006,2017-05-01 12:28:45.477,40.38701908236883,-74.21796792281337,5.0,SNOW,50
43543,6006,2017-05-01 12:28:46.648,40.38701908236883,-74.21796792281337,5.0,SNOW,50
43544,6006,2017-05-01 12:28:47.885,40.38701908236883,-74.21796792281337,5.0,SNOW,50
43545,6006,2017-05-01 12:28:49.135,40.38701908236883,-74.21796792281337,5.0,SNOW,50
43546,6006,2017-05-01 12:28:50.337,40.38701908236883,-74.21796792281337,5.0,SNOW,50
43547,6006,2017-05-01 12:28:51.769,40.38701908236883,-74.21796792281337,5.0,SNOW,50
43548,6006,2017-05-01 12:28:52.987,40.38701908236883,-74.21796792281337,5.0,SNOW,50
43549,6006,2017-05-01 12:28:54.169,40.38701908236883,-74.21796792281337,5.0,SNOW,50
43550,6006,2017-05-01 12:28:55.398,40.38701908236883,-74.21796792281337,5.0,SNOW,50
43551,6006,2017-05-01 12:28:56.828,40.38701908236883,-74.21796792281337,5.0,SNOW,50
43552,6006,2017-05-01 12:28:57.954,40.38701908236883,-74.21796792281337,5.0,SNOW,50
43553,6006,2017-05-01 12:28:59.117,40.38701908236883,-74.21796792281337,5.0,SNOW,50
43554,6006,2017-05-01 12:29:00.247,40.38701908236883,-74.21796792281337,5.0,SNOW,50
43555,6006,2017-05-01 12:29:01.368,40.38701908236883,-74.21796792281337,5.0,SNOW,50
43556,6006,2017-05-01 12:29:02.477,40.38701908236883,-74.21796792281337,5.0,SNOW,50
43557,6006,2017-05-01 12:29:03.586,40.38701908236883,-74.21796792281337,5.0,SNOW,50
43558,6006,2017-05-01 12:29:04.756,40.38701908236883,-74.21796792281337,5.0,SNOW,50
43559,6006,2017-05-01 12:29:07.766,40.38701908236883,-74.21796792281337,5.0,SNOW,50
43560,6006,2017-05-01 12:29:08.912,40.38701908236883,-74.21796792281337,5.0,SNOW,50
43561,6006,2017-05-01 12:29:10.036,40.38701908236883,-74.21796792281337,5.0,SNOW,50
43562,6006,2017-05-01 12:29:11.186,40.38701908236883,-74.21796792281337,5.0,SNOW,50
43563,6006,2017-05-01 12:29:12.307,40.38701908236883,-74.21796792281337,5.0,SNOW,50
43564,6006,2017-05-01 12:29:13.431,40.38701908236883,-74.21796792281337,5.0,SNOW,50
43565,6006,2017-05-01 12:29:14.597,40.38701908236883,-74.21796792281337,5.0,SNOW,50
43566,6006,2017-05-01 12:29:15.775,40.38701908236883,-74.21796792281337,5.0,SNOW,50
43567,6006,2017-05-01 12:29:16.954,40.38701908236883,-74.21796792281337,5.0,SNOW,50
43568,6006,2017-05-01 12:29:18.122,40.38701908236883,-74.21796792281337,5.0,SNOW,50
43569,6006,2017-05-01 12:29:19.284,40.38701908236883,-74.21796792281337,5.0,SNOW,50
43570,6006,2017-05-01 12:29:20.772,40.38701908236883,-74.21796792281337,5.0,SNOW,50
43571,6006,2017-05-01 12:29:21.984,40.38701908236883,-74.21796792281337,5.0,SNOW,50
43572,6006,2017-05-01 12:29:23.204,40.38701908236883,-74.21796792281337,5.0,SNOW,50
43573,6006,2017-05-01 12:29:24.372,40.38701908236883,-74.21796792281337,5.0,SNOW,50
43574,6006,2017-05-01 12:29:25.541,40.38701908236883,-74.21796792281337,5.0,SNOW,50
43575,6006,2017-05-01 12:29:26.827,40.38701908236883,-74.21796792281337,5.0,SNOW,50
43576,6006,2017-05-01 12:29:28.047,40.38701908236883,-74.21796792281337,5.0,SNOW,50
43577,6006,2017-05-01 12:29:29.249,40.38701908236883,-74.21796792281337,5.0,SNOW,50
43578,6006,2017-05-01 12:29:30.426,40.38701908236883,-74.21796792281337,5.0,SNOW,50
43579,6006,2017-05-01 12:29:31.604,40.38701908236883,-74.21796792281337,5.0,SNOW,50
43580,6006,2017-05-01 12:29:32.842,40.38701908236883,-74.21796792281337,5.0,SNOW,50
43581,6006,2017-05-01 12:29:34.057,40.38701908236883,-74.21796792281337,5.0,SNOW,50
43582,6006,2017-05-01 12:29:35.234,40.38701908236883,-74.21796792281337,5.0,SNOW,50
43583,6006,2017-05-01 12:29:36.634,40.38701908236883,-74.21796792281337,5.0,SNOW,50
43584,6006,2017-05-01 12:29:37.838,40.38701908236883,-74.21796792281337,5.0,SNOW,50
43585,6006,2017-05-01 12:29:39.294,40.38701908236883,-74.21796792281337,5.0,SNOW,50
43586,6006,2017-05-01 12:29:40.497,40.38701908236883,-74.21796792281337,5.0,SNOW,50
43587,6006,2017-05-01 12:29:41.674,40.38701908236883,-74.21796792281337,5.0,SNOW,50
43588,6006,2017-05-01 12:29:44.800,40.38701908236883,-74.21796792281337,5.0,SNOW,50
43589,6006,2017-05-01 12:29:45.984,40.38701908236883,-74.21796792281337,5.0,SNOW,50
43590,6006,2017-05-01 12:29:49.117,40.38701908236883,-74.21796792281337,5.0,SNOW,50
43591,6006,2017-05-01 12:29:50.304,40.38701908236883,-74.21796792281337,5.0,SNOW,50
43592,6006,2017-05-01 12:29:51.544,40.38701908236883,-74.21796792281337,5.0,SNOW,50
43593,6006,2017-05-01 12:29:52.706,40.38701908236883,-74.21796792281337,5.0,SNOW,50
43594,6006,2017-05-01 12:29:53.889,40.38701908236883,-74.21796792281337,5.0,SNOW,50
43595,6006,2017-05-01 12:29:55.142,40.38701908236883,-74.21796792281337,5.0,SNOW,50
43596,6006,2017-05-01 12:29:56.326,40.38701908236883,-74.21796792281337,5.0,SNOW,50
43597,6006,2017-05-01 12:29:57.514,40.38701908236883,-74.21796792281337,5.0,SNOW,50
43598,6006,2017-05-01 12:29:58.682,40.38701908236883,-74.21796792281337,5.0,SNOW,50
43599,6006,2017-05-01 12:30:01.297,40.38701908236883,-74.21796792281337,5.0,SNOW,50
43600,6006,2017-05-01 12:30:05.687,40.38701908236883,-74.21796792281337,5.0,SNOW,50
43601,6006,2017-05-01 12:30:06.892,40.38701908236883,-74.21796792281337,5.0,SNOW,50
43602,6006,2017-05-01 12:30:08.068,40.38701908236883,-74.21796792281337,5.0,SNOW,50
43603,6006,2017-05-01 12:30:09.496,40.38701908236883,-74.21796792281337,5.0,SNOW,50
43604,6006,2017-05-01 12:30:10.777,40.38701908236883,-74.21796792281337,5.0,SNOW,50
43605,6006,2017-05-01 12:30:12.010,40.38701908236883,-74.21796792281337,5.0,SNOW,50
43606,6006,2017-05-01 12:30:13.219,40.38701908236883,-74.21796792281337,5.0,SNOW,50
43607,6006,2017-05-01 12:30:14.385,40.38701908236883,-74.21796792281337,5.0,SNOW,50
43608,6006,2017-05-01 12:30:15.556,40.38701908236883,-74.21796792281337,5.0,SNOW,50
43609,6006,2017-05-01 12:30:16.818,40.38701908236883,-74.21796792281337,5.0,SNOW,50
43610,6006,2017-05-01 12:30:18.024,40.38701908236883,-74.21796792281337,5.0,SNOW,50
43611,6006,2017-05-01 12:30:19.441,40.38701908236883,-74.21796792281337,5.0,SNOW,50
43612,6006,2017-05-01 12:30:20.653,40.38701908236883,-74.21796792281337,5.0,SNOW,50
43613,6006,2017-05-01 12:30:21.848,40.38701908236883,-74.21796792281337,5.0,SNOW,50
43614,6006,2017-05-01 12:30:23.057,40.38701908236883,-74.21796792281337,5.0,SNOW,50
43615,6006,2017-05-01 12:30:24.285,40.38701908236883,-74.21796792281337,5.0,SNOW,50
43616,6006,2017-05-01 12:30:25.455,40.38701908236883,-74.21796792281337,5.0,SNOW,50
43617,6006,2017-05-01 12:30:26.648,40.38701908236883,-74.21796792281337,5.0,SNOW,50
43618,6006,2017-05-01 12:30:27.843,40.38701908236883,-74.21796792281337,5.0,SNOW,50
43619,6006,2017-05-01 12:30:31.603,40.38701908236883,-74.21796792281337,5.0,SNOW,50
43620,6006,2017-05-01 12:30:33.047,40.38701908236883,-74.21796792281337,5.0,SNOW,50
43621,6006,2017-05-01 12:30:34.464,40.38701908236883,-74.21796792281337,5.0,SNOW,50
43622,6006,2017-05-01 12:30:35.664,40.38701908236883,-74.21796792281337,5.0,SNOW,50
43623,6006,2017-05-01 12:30:36.883,40.38701908236883,-74.21796792281337,5.0,SNOW,50
43624,6006,2017-05-01 12:30:38.079,40.38701908236883,-74.21796792281337,5.0,SNOW,50
43625,6006,2017-05-01 12:30:39.325,40.38701908236883,-74.21796792281337,5.0,SNOW,50
43626,6006,2017-05-01 12:30:42.102,40.38701908236883,-74.21796792281337,5.0,SNOW,50
43627,6006,2017-05-01 12:30:43.354,40.38701908236883,-74.21796792281337,5.0,SNOW,50
43628,6006,2017-05-01 12:30:44.624,40.38701908236883,-74.21796792281337,5.0,SNOW,50
43629,6006,2017-05-01 12:30:45.821,40.38701908236883,-74.21796792281337,5.0,SNOW,50
43630,6006,2017-05-01 12:30:46.994,40.38701908236883,-74.21796792281337,5.0,SNOW,50
43631,6006,2017-05-01 12:30:48.164,40.38701908236883,-74.21796792281337,5.0,SNOW,50
43632,6006,2017-05-01 12:30:49.334,40.38701908236883,-74.21796792281337,5.0,SNOW,50
43633,6006,2017-05-01 12:30:50.503,40.38701908236883,-74.21796792281337,5.0,SNOW,50
43634,6006,2017-05-01 12:30:51.688,40.38701908236883,-74.21796792281337,5.0,SNOW,50
43635,6006,2017-05-01 12:30:52.877,40.38701908236883,-74.21796792281337,5.0,SNOW,50
43636,6006,2017-05-01 12:30:54.375,40.38701908236883,-74.21796792281337,5.0,SNOW,50
43637,6006,2017-05-01 12:30:55.554,40.38701908236883,-74.21796792281337,5.0,SNOW,50
43638,6006,2017-05-01 12:30:56.736,40.38701908236883,-74.21796792281337,5.0,SNOW,50
43639,6006,2017-05-01 12:30:57.959,40.38701908236883,-74.21796792281337,5.0,SNOW,50
43640,6006,2017-05-01 12:30:59.184,40.38701908236883,-74.21796792281337,5.0,SNOW,50
43641,6006,2017-05-01 12:31:00.394,40.38701908236883,-74.21796792281337,5.0,SNOW,50
43642,6006,2017-05-01 12:31:03.184,40.38701908236883,-74.21796792281337,5.0,SNOW,50
43643,6006,2017-05-01 12:31:04.374,40.38701908236883,-74.21796792281337,5.0,SNOW,50
43644,6006,2017-05-01 12:31:06.907,40.38701908236883,-74.21796792281337,5.0,SNOW,50
43645,6006,2017-05-01 12:31:08.164,40.38701908236883,-74.21796792281337,5.0,SNOW,50
43646,6006,2017-05-01 12:31:09.334,40.38701908236883,-74.21796792281337,5.0,SNOW,50
43647,6006,2017-05-01 12:31:10.764,40.38701908236883,-74.21796792281337,5.0,SNOW,50
43648,6006,2017-05-01 12:31:11.975,40.38701908236883,-74.21796792281337,5.0,SNOW,50
43649,6006,2017-05-01 12:31:13.205,40.38701908236883,-74.21796792281337,5.0,SNOW,50
43650,6006,2017-05-01 12:31:14.404,40.38701908236883,-74.21796792281337,5.0,SNOW,50
43651,6006,2017-05-01 12:31:15.642,40.38701908236883,-74.21796792281337,5.0,SNOW,50
43652,6006,2017-05-01 12:31:16.847,40.38701908236883,-74.21796792281337,5.0,SNOW,50
43653,6006,2017-05-01 12:31:18.078,40.38701908236883,-74.21796792281337,5.0,SNOW,50
43654,6006,2017-05-01 12:31:19.257,40.38701908236883,-74.21796792281337,5.0,SNOW,50
43655,6006,2017-05-01 12:31:20.424,40.38701908236883,-74.21796792281337,5.0,SNOW,50
43656,6006,2017-05-01 12:31:21.614,40.38701908236883,-74.21796792281337,5.0,SNOW,50
43657,6006,2017-05-01 12:31:22.815,40.38701908236883,-74.21796792281337,5.0,SNOW,50
43658,6006,2017-05-01 12:31:24.024,40.38701908236883,-74.21796792281337,5.0,SNOW,50
43659,6006,2017-05-01 12:31:25.274,40.38701908236883,-74.21796792281337,5.0,SNOW,50
43660,6006,2017-05-01 12:31:26.454,40.38701908236883,-74.21796792281337,5.0,SNOW,50
43661,6006,2017-05-01 12:31:27.624,40.38701908236883,-74.21796792281337,5.0,SNOW,50
43662,6006,2017-05-01 12:31:30.077,40.38701908236883,-74.21796792281337,5.0,SNOW,50
43663,6006,2017-05-01 12:31:31.264,40.38701908236883,-74.21796792281337,5.0,SNOW,50
43664,6006,2017-05-01 12:31:33.695,40.38701908236883,-74.21796792281337,5.0,SNOW,50
43665,6006,2017-05-01 12:31:34.960,40.38701908236883,-74.21796792281337,5.0,SNOW,50
43666,6006,2017-05-01 12:31:37.382,40.38701908236883,-74.21796792281337,5.0,SNOW,50
43667,6006,2017-05-01 12:31:38.564,40.38701908236883,-74.21796792281337,5.0,SNOW,50
43668,6006,2017-05-01 12:31:39.744,40.38701908236883,-74.21796792281337,5.0,SNOW,50
43669,6006,2017-05-01 12:31:41.014,40.38701908236883,-74.21796792281337,5.0,SNOW,50
43670,6006,2017-05-01 12:31:42.254,40.38701908236883,-74.21796792281337,5.0,SNOW,50
43671,6006,2017-05-01 12:31:43.485,40.38701908236883,-74.21796792281337,5.0,SNOW,50
43672,6006,2017-05-01 12:31:44.675,40.38701908236883,-74.21796792281337,5.0,SNOW,50
43673,6006,2017-05-01 12:31:45.837,40.38701908236883,-74.21796792281337,5.0,SNOW,50
43674,6006,2017-05-01 12:31:46.992,40.38701908236883,-74.21796792281337,5.0,SNOW,50
43675,6006,2017-05-01 12:31:48.215,40.38701908236883,-74.21796792281337,5.0,SNOW,50
43676,6006,2017-05-01 12:31:49.425,40.38701908236883,-74.21796792281337,5.0,SNOW,50
43677,6006,2017-05-01 12:31:50.608,40.38701908236883,-74.21796792281337,5.0,SNOW,50
43678,6006,2017-05-01 12:31:51.802,40.38701908236883,-74.21796792281337,5.0,SNOW,50
43679,6006,2017-05-01 12:31:53.002,40.38701908236883,-74.21796792281337,5.0,SNOW,50
43680,6006,2017-05-01 12:31:54.199,40.38701908236883,-74.21796792281337,5.0,SNOW,50
43681,6006,2017-05-01 12:31:55.416,40.38701908236883,-74.21796792281337,5.0,SNOW,50
43682,6006,2017-05-01 12:31:56.626,40.38701908236883,-74.21796792281337,5.0,SNOW,50
43683,6006,2017-05-01 12:31:57.860,40.38701908236883,-74.21796792281337,5.0,SNOW,50
43684,6006,2017-05-01 12:31:59.077,40.38701908236883,-74.21796792281337,5.0,SNOW,50
43685,6006,2017-05-01 12:32:00.315,40.38701908236883,-74.21796792281337,5.0,SNOW,50
43686,6006,2017-05-01 12:32:01.534,40.38701908236883,-74.21796792281337,5.0,SNOW,50
43687,6006,2017-05-01 12:32:02.715,40.38701908236883,-74.21796792281337,5.0,SNOW,50
43688,6006,2017-05-01 12:32:03.968,40.38701908236883,-74.21796792281337,5.0,SNOW,50
43689,6006,2017-05-01 12:32:05.137,40.38701908236883,-74.21796792281337,5.0,SNOW,50
43690,6006,2017-05-01 12:32:06.330,40.38701908236883,-74.21796792281337,5.0,SNOW,50
43691,6006,2017-05-01 12:32:07.537,40.38701908236883,-74.21796792281337,5.0,SNOW,50
43692,6006,2017-05-01 12:32:08.750,40.38701908236883,-74.21796792281337,5.0,SNOW,50
43693,6006,2017-05-01 12:32:09.976,40.38701908236883,-74.21796792281337,5.0,SNOW,50
43694,6006,2017-05-01 12:32:11.185,40.38701908236883,-74.21796792281337,5.0,SNOW,50
43695,6006,2017-05-01 12:32:12.424,40.38701908236883,-74.21796792281337,5.0,SNOW,50
43696,6006,2017-05-01 12:32:13.635,40.38701908236883,-74.21796792281337,5.0,SNOW,50
43697,6006,2017-05-01 12:32:16.299,40.38701908236883,-74.21796792281337,5.0,SNOW,50
43698,6006,2017-05-01 12:32:17.465,40.38701908236883,-74.21796792281337,5.0,SNOW,50
43699,6006,2017-05-01 12:32:18.636,40.38701908236883,-74.21796792281337,5.0,SNOW,50
43700,6006,2017-05-01 12:32:19.852,40.38701908236883,-74.21796792281337,5.0,SNOW,50
43701,6006,2017-05-01 12:32:21.053,40.38701908236883,-74.21796792281337,5.0,SNOW,50
43702,6006,2017-05-01 12:32:22.255,40.38701908236883,-74.21796792281337,5.0,SNOW,50
43703,6006,2017-05-01 12:32:23.444,40.38701908236883,-74.21796792281337,5.0,SNOW,50
43704,6006,2017-05-01 12:32:24.643,40.38701908236883,-74.21796792281337,5.0,SNOW,50
43705,6006,2017-05-01 12:32:25.848,40.38701908236883,-74.21796792281337,5.0,SNOW,50
43706,6006,2017-05-01 12:32:28.286,40.38701908236883,-74.21796792281337,5.0,SNOW,50
43707,6006,2017-05-01 12:32:29.473,40.38701908236883,-74.21796792281337,5.0,SNOW,50
43708,6006,2017-05-01 12:32:30.644,40.38701908236883,-74.21796792281337,5.0,SNOW,50
43709,6006,2017-05-01 12:32:31.838,40.38701908236883,-74.21796792281337,5.0,SNOW,50
43710,6006,2017-05-01 12:32:33.037,40.38701908236883,-74.21796792281337,5.0,SNOW,50
43711,6006,2017-05-01 12:32:34.225,40.38701908236883,-74.21796792281337,5.0,SNOW,50
43712,6006,2017-05-01 12:32:35.417,40.38701908236883,-74.21796792281337,5.0,SNOW,50
43713,6006,2017-05-01 12:32:36.605,40.38701908236883,-74.21796792281337,5.0,SNOW,50
43714,6006,2017-05-01 12:32:37.814,40.38701908236883,-74.21796792281337,5.0,SNOW,50
43715,6006,2017-05-01 12:32:39.005,40.38701908236883,-74.21796792281337,5.0,SNOW,50
43716,6006,2017-05-01 12:32:40.251,40.38701908236883,-74.21796792281337,5.0,SNOW,50
43717,6006,2017-05-01 12:32:41.464,40.38701908236883,-74.21796792281337,5.0,SNOW,50
43718,6006,2017-05-01 12:32:42.636,40.38701908236883,-74.21796792281337,5.0,SNOW,50
43719,6006,2017-05-01 12:32:43.859,40.38701908236883,-74.21796792281337,5.0,SNOW,50
43720,6006,2017-05-01 12:32:45.115,40.38701908236883,-74.21796792281337,5.0,SNOW,50
43721,6006,2017-05-01 12:32:46.346,40.38701908236883,-74.21796792281337,5.0,SNOW,50
43722,6006,2017-05-01 12:32:47.533,40.38701908236883,-74.21796792281337,5.0,SNOW,50
43723,6006,2017-05-01 12:32:48.726,40.38701908236883,-74.21796792281337,5.0,SNOW,50
43724,6006,2017-05-01 12:32:49.915,40.38701908236883,-74.21796792281337,5.0,SNOW,50
43725,6006,2017-05-01 12:32:51.137,40.38701908236883,-74.21796792281337,5.0,SNOW,50
43726,6006,2017-05-01 12:32:52.314,40.38701908236883,-74.21796792281337,5.0,SNOW,50
43727,6006,2017-05-01 12:32:53.497,40.38701908236883,-74.21796792281337,5.0,SNOW,50
43728,6006,2017-05-01 12:32:54.732,40.38701908236883,-74.21796792281337,5.0,SNOW,50
43729,6006,2017-05-01 12:32:56.014,40.38701908236883,-74.21796792281337,5.0,SNOW,50
43730,6006,2017-05-01 12:32:57.206,40.38701908236883,-74.21796792281337,5.0,SNOW,50
43731,6006,2017-05-01 12:32:58.384,40.38701908236883,-74.21796792281337,5.0,SNOW,50
43732,6006,2017-05-01 12:32:59.563,40.38701908236883,-74.21796792281337,5.0,SNOW,50
43733,6006,2017-05-01 12:33:00.803,40.38701908236883,-74.21796792281337,5.0,SNOW,50
43734,6006,2017-05-01 12:33:02.042,40.38701908236883,-74.21796792281337,5.0,SNOW,50
43735,6006,2017-05-01 12:33:03.254,40.38701908236883,-74.21796792281337,5.0,SNOW,50
43736,6006,2017-05-01 12:33:04.464,40.38701908236883,-74.21796792281337,5.0,SNOW,50
43737,6006,2017-05-01 12:33:05.649,40.38701908236883,-74.21796792281337,5.0,SNOW,50
43738,6006,2017-05-01 12:33:06.843,40.38701908236883,-74.21796792281337,5.0,SNOW,50
43739,6006,2017-05-01 12:33:08.062,40.38701908236883,-74.21796792281337,5.0,SNOW,50
43740,6006,2017-05-01 12:33:09.325,40.38701908236883,-74.21796792281337,5.0,SNOW,50
43741,6006,2017-05-01 12:33:10.517,40.38701908236883,-74.21796792281337,5.0,SNOW,50
43742,6006,2017-05-01 12:33:11.706,40.38701908236883,-74.21796792281337,5.0,SNOW,50
43743,6006,2017-05-01 12:33:12.905,40.38701908236883,-74.21796792281337,5.0,SNOW,50
43744,6006,2017-05-01 12:33:14.116,40.38701908236883,-74.21796792281337,5.0,SNOW,50
43745,6006,2017-05-01 12:33:15.363,40.38701908236883,-74.21796792281337,5.0,SNOW,50
43746,6006,2017-05-01 12:33:16.548,40.38701908236883,-74.21796792281337,5.0,SNOW,50
43747,6006,2017-05-01 12:33:17.812,40.38701908236883,-74.21796792281337,5.0,SNOW,50
43748,6006,2017-05-01 12:33:19.072,40.38701908236883,-74.21796792281337,5.0,SNOW,50
43749,6006,2017-05-01 12:33:20.344,40.38701908236883,-74.21796792281337,5.0,SNOW,50
43750,6006,2017-05-01 12:33:21.544,40.38701908236883,-74.21796792281337,5.0,SNOW,50
43751,6006,2017-05-01 12:33:22.811,40.38701908236883,-74.21796792281337,5.0,SNOW,50
43752,6006,2017-05-01 12:33:24.048,40.38701908236883,-74.21796792281337,5.0,SNOW,50
43753,6006,2017-05-01 12:33:26.814,40.38701908236883,-74.21796792281337,5.0,SNOW,50
43754,6006,2017-05-01 12:33:27.946,40.38701908236883,-74.21796792281337,5.0,SNOW,50
43755,6006,2017-05-01 12:33:29.174,40.38701908236883,-74.21796792281337,5.0,SNOW,50
43756,6006,2017-05-01 12:33:30.374,40.38701908236883,-74.21796792281337,5.0,SNOW,50
43757,6006,2017-05-01 12:33:31.591,40.38701908236883,-74.21796792281337,5.0,SNOW,50
43758,6006,2017-05-01 12:33:32.818,40.38701908236883,-74.21796792281337,5.0,SNOW,50
43759,6006,2017-05-01 12:33:34.041,40.38701908236883,-74.21796792281337,5.0,SNOW,50
43760,6006,2017-05-01 12:33:35.280,40.38701908236883,-74.21796792281337,5.0,SNOW,50
43761,6006,2017-05-01 12:33:36.494,40.38701908236883,-74.21796792281337,5.0,SNOW,50
43762,6006,2017-05-01 12:33:37.685,40.38701908236883,-74.21796792281337,5.0,SNOW,50
43763,6006,2017-05-01 12:33:38.890,40.38701908236883,-74.21796792281337,5.0,SNOW,50
43764,6006,2017-05-01 12:33:40.130,40.38701908236883,-74.21796792281337,5.0,SNOW,50
43765,6006,2017-05-01 12:33:41.334,40.38701908236883,-74.21796792281337,5.0,SNOW,50
43766,6006,2017-05-01 12:33:42.504,40.38701908236883,-74.21796792281337,5.0,SNOW,50
43767,6006,2017-05-01 12:33:43.695,40.38701908236883,-74.21796792281337,5.0,SNOW,50
43768,6006,2017-05-01 12:33:44.838,40.38701908236883,-74.21796792281337,5.0,SNOW,50
43769,6006,2017-05-01 12:33:46.050,40.38701908236883,-74.21796792281337,5.0,SNOW,50
43770,6006,2017-05-01 12:33:47.344,40.38701908236883,-74.21796792281337,5.0,SNOW,50
43771,6006,2017-05-01 12:33:48.514,40.38701908236883,-74.21796792281337,5.0,SNOW,50
43772,6006,2017-05-01 12:33:49.707,40.38701908236883,-74.21796792281337,5.0,SNOW,50
43773,6006,2017-05-01 12:33:50.899,40.38701908236883,-74.21796792281337,5.0,SNOW,50
43774,6006,2017-05-01 12:33:52.087,40.38701908236883,-74.21796792281337,5.0,SNOW,50
43775,6006,2017-05-01 12:33:55.484,40.38701908236883,-74.21796792281337,5.0,SNOW,50
43776,6006,2017-05-01 12:33:58.174,40.38701908236883,-74.21796792281337,5.0,SNOW,50
43777,6006,2017-05-01 12:33:59.352,40.38701908236883,-74.21796792281337,5.0,SNOW,50
43778,6006,2017-05-01 12:34:00.532,40.38701908236883,-74.21796792281337,5.0,SNOW,50
43779,6006,2017-05-01 12:34:01.704,40.38701908236883,-74.21796792281337,5.0,SNOW,50
43780,6006,2017-05-01 12:34:02.906,40.38701908236883,-74.21796792281337,5.0,SNOW,50
43781,6006,2017-05-01 12:34:04.087,40.38701908236883,-74.21796792281337,5.0,SNOW,50
43782,6006,2017-05-01 12:34:05.535,40.38701908236883,-74.21796792281337,5.0,SNOW,50
43783,6006,2017-05-01 12:34:06.952,40.38701908236883,-74.21796792281337,5.0,SNOW,50
43784,6006,2017-05-01 12:34:08.117,40.38701908236883,-74.21796792281337,5.0,SNOW,50
43785,6006,2017-05-01 12:34:09.343,40.38701908236883,-74.21796792281337,5.0,SNOW,50
43786,6006,2017-05-01 12:34:10.556,40.38701908236883,-74.21796792281337,5.0,SNOW,50
43787,6006,2017-05-01 12:34:11.734,40.38701908236883,-74.21796792281337,5.0,SNOW,50
43788,6006,2017-05-01 12:34:12.948,40.38701908236883,-74.21796792281337,5.0,SNOW,50
43789,6006,2017-05-01 12:34:14.160,40.38701908236883,-74.21796792281337,5.0,SNOW,50
43790,6006,2017-05-01 12:34:15.339,40.38701908236883,-74.21796792281337,5.0,SNOW,50
43791,6006,2017-05-01 12:34:16.528,40.38701908236883,-74.21796792281337,5.0,SNOW,50
43792,6006,2017-05-01 12:34:17.723,40.38701424954763,-74.21795508575019,5.0,SNOW,50
43793,6006,2017-05-01 12:34:18.985,40.387008666774115,-74.21793100057407,5.0,SNOW,50
43794,6006,2017-05-01 12:34:20.200,40.38700107683819,-74.21791057499047,5.0,SNOW,50
43795,6006,2017-05-01 12:34:21.410,40.38696788074973,-74.21787426182284,5.0,SNOW,50
43796,6006,2017-05-01 12:34:22.617,40.3869486603977,-74.21785775610348,5.0,SNOW,50
43797,6006,2017-05-01 12:34:23.857,40.38693288171422,-74.21784512647594,5.0,SNOW,50
43798,6006,2017-05-01 12:34:25.335,40.38692445181524,-74.21783128420621,5.0,SNOW,50
43799,6006,2017-05-01 12:34:26.493,40.38691009772155,-74.21780618596863,5.0,SNOW,50
43800,6006,2017-05-01 12:34:27.635,40.38690198691309,-74.21777496028638,5.0,SNOW,50
43801,6006,2017-05-01 12:34:28.824,40.38690347009355,-74.21773036890492,5.0,SNOW,50
43802,6006,2017-05-01 12:34:30.036,40.386918893352075,-74.21768359632594,5.0,SNOW,50
43803,6006,2017-05-01 12:34:31.225,40.386942968826425,-74.21764543642108,5.0,SNOW,50
43804,6006,2017-05-01 12:34:32.370,40.38696692740807,-74.21758332333533,5.0,SNOW,50
43805,6006,2017-05-01 12:34:33.539,40.38696768104888,-74.21755422763485,5.0,SNOW,50
43806,6006,2017-05-01 12:34:34.709,40.38695385229941,-74.21751362337176,5.0,SNOW,50
43807,6006,2017-05-01 12:34:35.909,40.386928321894935,-74.21746736081151,5.0,SNOW,50
43808,6006,2017-05-01 12:34:37.071,40.386883508518615,-74.21741079933686,5.0,SNOW,50
43809,6006,2017-05-01 12:34:38.239,40.38681647447779,-74.21735321842631,5.0,SNOW,50
43810,6006,2017-05-01 12:34:39.419,40.38664810192397,-74.21720260936286,5.0,SNOW,50
43811,6006,2017-05-01 12:34:40.569,40.38655065091381,-74.21711294379023,5.0,SNOW,50
43812,6006,2017-05-01 12:34:41.720,40.38644538261468,-74.21701268745633,5.0,SNOW,50
43813,6006,2017-05-01 12:34:42.905,40.38633339323215,-74.21689998465145,5.0,SNOW,50
43814,6006,2017-05-01 12:34:44.072,40.38621664670464,-74.2167768736105,5.0,SNOW,50
43815,6006,2017-05-01 12:34:45.328,40.38609738112912,-74.21664393079786,5.0,SNOW,50
43816,6006,2017-05-01 12:34:46.441,40.38585980441368,-74.21635468560855,5.0,SNOW,50
43817,6006,2017-05-01 12:34:47.619,40.385744207443864,-74.21619939226863,5.0,SNOW,50
43818,6006,2017-05-01 12:34:48.802,40.38562858722177,-74.2160423136613,5.0,SNOW,50
43819,6006,2017-05-01 12:34:49.987,40.38551455942128,-74.2158752090367,5.0,SNOW,50
43820,6006,2017-05-01 12:34:51.189,40.38539664109602,-74.21570966118301,5.0,SNOW,50
43821,6006,2017-05-01 12:34:52.379,40.38516833153857,-74.21539626715003,5.0,SNOW,50
43822,6006,2017-05-01 12:34:53.559,40.385057416439636,-74.21524925368605,5.0,SNOW,50
43823,6006,2017-05-01 12:34:54.735,40.38495586119619,-74.21510512871032,5.0,SNOW,50
43824,6006,2017-05-01 12:34:55.901,40.38485611313394,-74.21496784981566,5.0,SNOW,50
43825,6006,2017-05-01 12:34:57.057,40.384760594952176,-74.21484006144831,5.0,SNOW,50
43826,6006,2017-05-01 12:34:58.200,40.38466322903064,-74.21471720685116,5.0,SNOW,50
43827,6006,2017-05-01 12:34:59.359,40.38449996235853,-74.21452250044109,5.0,SNOW,50
43828,6006,2017-05-01 12:35:00.519,40.384445495652656,-74.21446330252256,5.0,SNOW,50
43829,6006,2017-05-01 12:35:01.672,40.384388013460764,-74.21440551150313,5.0,SNOW,50
43830,6006,2017-05-01 12:35:02.861,40.3843428204361,-74.21435941295914,5.0,SNOW,50
43831,6006,2017-05-01 12:35:04.021,40.38430961507333,-74.21432165589184,5.0,SNOW,50
43832,6006,2017-05-01 12:35:05.187,40.384278596113205,-74.21428484370652,5.0,SNOW,50
43833,6006,2017-05-01 12:35:06.364,40.38422249636298,-74.21422641080451,5.0,SNOW,50
43834,6006,2017-05-01 12:35:07.519,40.38420712380928,-74.21420918738622,5.0,SNOW,50
43835,6006,2017-05-01 12:35:08.679,40.38420777079821,-74.21420594289594,5.0,SNOW,50
43836,6006,2017-05-01 12:35:09.842,40.38420777079821,-74.21420594289594,5.0,SNOW,50
43837,6006,2017-05-01 12:35:11.034,40.38420777079821,-74.21420594289594,5.0,SNOW,50
43838,6006,2017-05-01 12:35:12.200,40.38420777079821,-74.21420594289594,5.0,SNOW,50
43839,6006,2017-05-01 12:35:13.369,40.38420777079821,-74.21420594289594,5.0,SNOW,50
43840,6006,2017-05-01 12:35:14.513,40.38420777079821,-74.21420594289594,5.0,SNOW,50
43841,6006,2017-05-01 12:35:15.690,40.38420777079821,-74.21420594289594,5.0,SNOW,50
43842,6006,2017-05-01 12:35:16.862,40.38420777079821,-74.21420594289594,5.0,SNOW,50
43843,6006,2017-05-01 12:35:18.025,40.38420777079821,-74.21420594289594,5.0,SNOW,50
43844,6006,2017-05-01 12:35:19.199,40.38420777079821,-74.21420594289594,5.0,SNOW,50
43845,6006,2017-05-01 12:35:20.369,40.38420777079821,-74.21420594289594,5.0,SNOW,50
43846,6006,2017-05-01 12:35:21.549,40.38420777079821,-74.21420594289594,5.0,SNOW,50
43847,6006,2017-05-01 12:35:22.729,40.38420777079821,-74.21420594289594,5.0,SNOW,50
43848,6006,2017-05-01 12:35:23.882,40.38420777079821,-74.21420594289594,5.0,SNOW,50
43849,6006,2017-05-01 12:35:25.082,40.38420777079821,-74.21420594289594,5.0,SNOW,50
43850,6006,2017-05-01 12:35:26.249,40.38415211720423,-74.21414950867286,5.0,SNOW,50
43851,6006,2017-05-01 12:35:27.410,40.38406549036109,-74.2140666870549,5.0,SNOW,50
43852,6006,2017-05-01 12:35:28.579,40.3840001786656,-74.21400935477291,5.0,SNOW,50
43853,6006,2017-05-01 12:35:29.749,40.38392185825234,-74.21394090457109,5.0,SNOW,50
43854,6006,2017-05-01 12:35:30.909,40.383834331191345,-74.21386802686565,5.0,SNOW,50
43855,6006,2017-05-01 12:35:32.072,40.383736861265916,-74.21379159088356,5.0,SNOW,50
43856,6006,2017-05-01 12:35:33.220,40.38363787129135,-74.21371287111528,5.0,SNOW,50
43857,6006,2017-05-01 12:35:34.389,40.383420491252586,-74.2135443058542,5.0,SNOW,50
43858,6006,2017-05-01 12:35:35.572,40.38330289970382,-74.21344818439422,5.0,SNOW,50
43859,6006,2017-05-01 12:35:36.740,40.38317858883993,-74.21334280668758,5.0,SNOW,50
43860,6006,2017-05-01 12:35:37.916,40.38305138268846,-74.21324160477498,5.0,SNOW,50
43861,6006,2017-05-01 12:35:39.062,40.382926781321736,-74.21313886325244,5.0,SNOW,50
43862,6006,2017-05-01 12:35:40.250,40.38279160504143,-74.21302870925699,5.0,SNOW,50
43863,6006,2017-05-01 12:35:41.415,40.38250891010554,-74.21280049646194,5.0,SNOW,50
43864,6006,2017-05-01 12:35:42.619,40.38236616396925,-74.21268317828432,5.0,SNOW,50
43865,6006,2017-05-01 12:35:43.797,40.38222427298047,-74.2125651655091,5.0,SNOW,50
43866,6006,2017-05-01 12:35:44.990,40.38209137190916,-74.21245086263237,5.0,SNOW,50
43867,6006,2017-05-01 12:35:46.170,40.381965675526345,-74.21233887891475,5.0,SNOW,50
43868,6006,2017-05-01 12:35:47.329,40.38170820395617,-74.21211524251461,5.0,SNOW,50
43869,6006,2017-05-01 12:35:48.519,40.38157605434653,-74.21200191037342,5.0,SNOW,50
43870,6006,2017-05-01 12:35:49.689,40.38147320452835,-74.21191723298458,5.0,SNOW,50
43871,6006,2017-05-01 12:35:50.881,40.381383698660855,-74.21184215197775,5.0,SNOW,50
43872,6006,2017-05-01 12:35:52.057,40.381313133329144,-74.21178701423179,5.0,SNOW,50
43873,6006,2017-05-01 12:35:53.229,40.38125568264954,-74.21173899843956,5.0,SNOW,50
43874,6006,2017-05-01 12:35:54.379,40.38116490788982,-74.21165937965078,5.0,SNOW,50
43875,6006,2017-05-01 12:35:55.563,40.38113974753947,-74.21163540400701,5.0,SNOW,50
43876,6006,2017-05-01 12:35:56.739,40.381129328457796,-74.21162314491389,5.0,SNOW,50
43877,6006,2017-05-01 12:35:57.901,40.381129328457796,-74.21162314491389,5.0,SNOW,50
43878,6006,2017-05-01 12:35:59.061,40.381129328457796,-74.21162314491389,5.0,SNOW,50
43879,6006,2017-05-01 12:36:00.239,40.381129328457796,-74.21162314491389,5.0,SNOW,50
43880,6006,2017-05-01 12:36:01.410,40.381129328457796,-74.21162314491389,5.0,SNOW,50
43881,6006,2017-05-01 12:36:02.601,40.381129328457796,-74.21162314491389,5.0,SNOW,50
43882,6006,2017-05-01 12:36:03.810,40.381129328457796,-74.21162314491389,5.0,SNOW,50
43883,6006,2017-05-01 12:36:04.983,40.381129328457796,-74.21162314491389,5.0,SNOW,50
43884,6006,2017-05-01 12:36:06.152,40.381129328457796,-74.21162314491389,5.0,SNOW,50
43885,6006,2017-05-01 12:36:07.329,40.381129328457796,-74.21162314491389,5.0,SNOW,50
43886,6006,2017-05-01 12:36:08.499,40.381129328457796,-74.21162314491389,5.0,SNOW,50
43887,6006,2017-05-01 12:36:09.702,40.381129328457796,-74.21162314491389,5.0,SNOW,50
43888,6006,2017-05-01 12:36:10.892,40.381129328457796,-74.21162314491389,5.0,SNOW,50
43889,6006,2017-05-01 12:36:12.082,40.381129328457796,-74.21162314491389,5.0,SNOW,50
43890,6006,2017-05-01 12:36:13.299,40.381129328457796,-74.21162314491389,5.0,SNOW,50
43891,6006,2017-05-01 12:36:14.459,40.381129328457796,-74.21162314491389,5.0,SNOW,50
43892,6006,2017-05-01 12:36:15.610,40.381129328457796,-74.21162314491389,5.0,SNOW,50
43893,6006,2017-05-01 12:36:16.813,40.381129328457796,-74.21162314491389,5.0,SNOW,50
43894,6006,2017-05-01 12:36:17.991,40.381129328457796,-74.21162314491389,5.0,SNOW,50
43895,6006,2017-05-01 12:36:19.181,40.381129328457796,-74.21162314491389,5.0,SNOW,50
43896,6006,2017-05-01 12:36:20.369,40.381129328457796,-74.21162314491389,5.0,SNOW,50
43897,6006,2017-05-01 12:36:21.549,40.381129328457796,-74.21162314491389,5.0,SNOW,50
43898,6006,2017-05-01 12:36:22.700,40.381129328457796,-74.21162314491389,5.0,SNOW,50
43899,6006,2017-05-01 12:36:23.846,40.38103356884143,-74.21149791098624,5.0,SNOW,50
43900,6006,2017-05-01 12:36:25.000,40.380982736845,-74.2114505456819,5.0,SNOW,50
43901,6006,2017-05-01 12:36:26.179,40.380924497580175,-74.21139836093886,5.0,SNOW,50
43902,6006,2017-05-01 12:36:27.360,40.380759038143985,-74.2112538829545,5.0,SNOW,50
43903,6006,2017-05-01 12:36:28.529,40.38066174681091,-74.21117221220709,5.0,SNOW,50
43904,6006,2017-05-01 12:36:29.727,40.38055348364506,-74.21108370905343,5.0,SNOW,50
43905,6006,2017-05-01 12:36:30.899,40.380434186167626,-74.2109889865616,5.0,SNOW,50
43906,6006,2017-05-01 12:36:32.061,40.38029269132686,-74.21088342582064,5.0,SNOW,50
43907,6006,2017-05-01 12:36:33.229,40.380161370935916,-74.21077830589813,5.0,SNOW,50
43908,6006,2017-05-01 12:36:34.389,40.379878592393645,-74.21054717545744,5.0,SNOW,50
43909,6006,2017-05-01 12:36:35.537,40.379732629936655,-74.21043139689777,5.0,SNOW,50
43910,6006,2017-05-01 12:36:36.709,40.37957774252948,-74.21031172261773,5.0,SNOW,50
43911,6006,2017-05-01 12:36:37.886,40.37942044728895,-74.21019092655892,5.0,SNOW,50
43912,6006,2017-05-01 12:36:39.082,40.37925999849191,-74.21006572930766,5.0,SNOW,50
43913,6006,2017-05-01 12:36:40.284,40.37909175731412,-74.20992276581168,5.0,SNOW,50
43914,6006,2017-05-01 12:36:41.460,40.378761555920114,-74.20962729977028,5.0,SNOW,50
43915,6006,2017-05-01 12:36:42.572,40.37859754474598,-74.2094661486761,5.0,SNOW,50
43916,6006,2017-05-01 12:36:43.760,40.37844234464961,-74.20929527549326,5.0,SNOW,50
43917,6006,2017-05-01 12:36:44.921,40.37829759375589,-74.20911776948542,5.0,SNOW,50
43918,6006,2017-05-01 12:36:46.091,40.37815592083022,-74.20893193446155,5.0,SNOW,50
43919,6006,2017-05-01 12:36:47.301,40.378014643908465,-74.2087449580852,5.0,SNOW,50
43920,6006,2017-05-01 12:36:48.469,40.37774163427907,-74.20836021322523,5.0,SNOW,50
43921,6006,2017-05-01 12:36:49.647,40.37760234256141,-74.20816687656789,5.0,SNOW,50
43922,6006,2017-05-01 12:36:50.823,40.37746549936157,-74.20797619584226,5.0,SNOW,50
43923,6006,2017-05-01 12:36:52.037,40.37732423403224,-74.2077837358342,5.0,SNOW,50
43924,6006,2017-05-01 12:36:53.229,40.37717479794611,-74.2075826694788,5.0,SNOW,50
43925,6006,2017-05-01 12:36:54.410,40.376873086804906,-74.2071826331522,5.0,SNOW,50
43926,6006,2017-05-01 12:36:55.609,40.37672900060307,-74.20699270561393,5.0,SNOW,50
43927,6006,2017-05-01 12:36:56.812,40.376584493473594,-74.206791242296,5.0,SNOW,50
43928,6006,2017-05-01 12:36:57.980,40.37643989210704,-74.20658801639588,5.0,SNOW,50
43929,6006,2017-05-01 12:36:59.168,40.37629787204379,-74.20638598184907,5.0,SNOW,50
43930,6006,2017-05-01 12:37:00.319,40.37614987930066,-74.20618482478804,5.0,SNOW,50
43931,6006,2017-05-01 12:37:01.520,40.37583613128187,-74.2057743476692,5.0,SNOW,50
43932,6006,2017-05-01 12:37:02.702,40.375672727316044,-74.2055729974241,5.0,SNOW,50
43933,6006,2017-05-01 12:37:03.892,40.375518797464274,-74.20536286338225,5.0,SNOW,50
43934,6006,2017-05-01 12:37:05.082,40.375373080785515,-74.20515594485626,5.0,SNOW,50
43935,6006,2017-05-01 12:37:06.259,40.37523311982106,-74.20495453801934,5.0,SNOW,50
43936,6006,2017-05-01 12:37:07.443,40.37494872346466,-74.20455624566138,5.0,SNOW,50
43937,6006,2017-05-01 12:37:08.640,40.374802951795,-74.20436333819808,5.0,SNOW,50
43938,6006,2017-05-01 12:37:09.819,40.374657136600426,-74.20417118732249,5.0,SNOW,50
43939,6006,2017-05-01 12:37:10.979,40.37450706490977,-74.2039764827443,5.0,SNOW,50
43940,6006,2017-05-01 12:37:12.169,40.374357897819074,-74.20380062863045,5.0,SNOW,50
43941,6006,2017-05-01 12:37:13.329,40.37420468343355,-74.20363541552948,5.0,SNOW,50
43942,6006,2017-05-01 12:37:14.508,40.37386997534092,-74.20332332581941,5.0,SNOW,50
43943,6006,2017-05-01 12:37:15.679,40.37369897309423,-74.20318489900156,5.0,SNOW,50
43944,6006,2017-05-01 12:37:16.863,40.373531460469614,-74.2030488593487,5.0,SNOW,50
43945,6006,2017-05-01 12:37:18.036,40.37335550082186,-74.20290545565686,5.0,SNOW,50
43946,6006,2017-05-01 12:37:19.198,40.373181440571024,-74.20276365892097,5.0,SNOW,50
43947,6006,2017-05-01 12:37:20.389,40.37282600831516,-74.20247878331513,5.0,SNOW,50
43948,6006,2017-05-01 12:37:21.539,40.37263964560336,-74.202327966426,5.0,SNOW,50
43949,6006,2017-05-01 12:37:22.709,40.37245561133925,-74.20217888428046,5.0,SNOW,50
43950,6006,2017-05-01 12:37:23.881,40.37227508760307,-74.20203102720214,5.0,SNOW,50
43951,6006,2017-05-01 12:37:25.071,40.37209424822072,-74.20188377552986,5.0,SNOW,50
43952,6006,2017-05-01 12:37:26.220,40.37191163517106,-74.20173378931058,5.0,SNOW,50
43953,6006,2017-05-01 12:37:27.378,40.371552283867786,-74.20144130395761,5.0,SNOW,50
43954,6006,2017-05-01 12:37:28.529,40.371377429239786,-74.20129656997648,5.0,SNOW,50
43955,6006,2017-05-01 12:37:29.709,40.37120545094213,-74.20115589935027,5.0,SNOW,50
43956,6006,2017-05-01 12:37:30.891,40.37103662878735,-74.20101690980009,5.0,SNOW,50
43957,6006,2017-05-01 12:37:32.081,40.37086655200598,-74.20087786683783,5.0,SNOW,50
43958,6006,2017-05-01 12:37:33.259,40.370696434563975,-74.20074402124115,5.0,SNOW,50
43959,6006,2017-05-01 12:37:34.409,40.37036333630102,-74.20048425262756,5.0,SNOW,50
43960,6006,2017-05-01 12:37:35.580,40.370191566540214,-74.2003525455634,5.0,SNOW,50
43961,6006,2017-05-01 12:37:36.749,40.37002214598481,-74.20021823370774,5.0,SNOW,50
43962,6006,2017-05-01 12:37:37.911,40.36985058770582,-74.20008127943929,5.0,SNOW,50
43963,6006,2017-05-01 12:37:39.082,40.36968362982648,-74.19994960889441,5.0,SNOW,50
43964,6006,2017-05-01 12:37:40.322,40.36950932268092,-74.19981183066734,5.0,SNOW,50
43965,6006,2017-05-01 12:37:41.433,40.36915620116875,-74.19953653625039,5.0,SNOW,50
43966,6006,2017-05-01 12:37:42.564,40.36897097467429,-74.19939312280593,5.0,SNOW,50
43967,6006,2017-05-01 12:37:43.750,40.368791605650635,-74.19925506086877,5.0,SNOW,50
43968,6006,2017-05-01 12:37:44.940,40.368611089725086,-74.19911703100807,5.0,SNOW,50
43969,6006,2017-05-01 12:37:46.101,40.36843344534144,-74.19897866496291,5.0,SNOW,50
43970,6006,2017-05-01 12:37:47.291,40.36825706143536,-74.19883523610469,5.0,SNOW,50
43971,6006,2017-05-01 12:37:48.459,40.367895136801636,-74.19853852714205,5.0,SNOW,50
43972,6006,2017-05-01 12:37:49.634,40.36771405870462,-74.19839156140675,5.0,SNOW,50
43973,6006,2017-05-01 12:37:50.822,40.367536982991915,-74.19824187736421,5.0,SNOW,50
43974,6006,2017-05-01 12:37:52.001,40.3673578908925,-74.19809228189861,5.0,SNOW,50
43975,6006,2017-05-01 12:37:53.214,40.36716846116088,-74.19793780605242,5.0,SNOW,50
43976,6006,2017-05-01 12:37:54.379,40.36679341823555,-74.19763194789181,5.0,SNOW,50
43977,6006,2017-05-01 12:37:55.549,40.36661079619942,-74.19748424401388,5.0,SNOW,50
43978,6006,2017-05-01 12:37:56.730,40.36643716333553,-74.19733565006335,5.0,SNOW,50
43979,6006,2017-05-01 12:37:57.901,40.366262335860426,-74.19718616195698,5.0,SNOW,50
43980,6006,2017-05-01 12:37:59.073,40.366094026628154,-74.19704219071173,5.0,SNOW,50
43981,6006,2017-05-01 12:38:00.258,40.36593161391326,-74.19691545403775,5.0,SNOW,50
43982,6006,2017-05-01 12:38:01.419,40.365611375141675,-74.19667140933431,5.0,SNOW,50
43983,6006,2017-05-01 12:38:02.579,40.36545306060478,-74.19656155399653,5.0,SNOW,50
43984,6006,2017-05-01 12:38:03.763,40.36529355615092,-74.19645820471804,5.0,SNOW,50
43985,6006,2017-05-01 12:38:04.939,40.365136624770145,-74.19635557411381,5.0,SNOW,50
43986,6006,2017-05-01 12:38:06.125,40.364975680616126,-74.19625865065817,5.0,SNOW,50
43987,6006,2017-05-01 12:38:07.299,40.36480498997505,-74.19615068918165,5.0,SNOW,50
43988,6006,2017-05-01 12:38:08.469,40.364460757362615,-74.19593424502078,5.0,SNOW,50
43989,6006,2017-05-01 12:38:09.650,40.364286227808186,-74.19583286642067,5.0,SNOW,50
43990,6006,2017-05-01 12:38:10.832,40.36410720100557,-74.1957396497282,5.0,SNOW,50
43991,6006,2017-05-01 12:38:12.042,40.363926253942864,-74.19565363889468,5.0,SNOW,50
43992,6006,2017-05-01 12:38:13.220,40.36374127175288,-74.19557377241689,5.0,SNOW,50
43993,6006,2017-05-01 12:38:14.429,40.363362272676994,-74.19543015965847,5.0,SNOW,50
43994,6006,2017-05-01 12:38:15.619,40.36317247988762,-74.19537036965798,5.0,SNOW,50
43995,6006,2017-05-01 12:38:16.824,40.36297780694098,-74.19530979399205,5.0,SNOW,50
43996,6006,2017-05-01 12:38:17.975,40.36278415783796,-74.19524811863646,5.0,SNOW,50
43997,6006,2017-05-01 12:38:19.150,40.36258945581238,-74.19518519987939,5.0,SNOW,50
43998,6006,2017-05-01 12:38:20.329,40.362386605846766,-74.19512838770522,5.0,SNOW,50
43999,6006,2017-05-01 12:38:21.469,40.36198103193605,-74.1950331647359,5.0,SNOW,50
44000,6006,2017-05-01 12:38:22.640,40.36178714934085,-74.19499764947076,5.0,SNOW,50
44001,6006,2017-05-01 12:38:23.822,40.361589509735495,-74.19496516576368,5.0,SNOW,50
44002,6006,2017-05-01 12:38:25.000,40.36138529913119,-74.19494108423989,5.0,SNOW,50
44003,6006,2017-05-01 12:38:26.182,40.36118398685247,-74.19491574338117,5.0,SNOW,50
44004,6006,2017-05-01 12:38:27.369,40.3607758515146,-74.19488540623716,5.0,SNOW,50
44005,6006,2017-05-01 12:38:28.591,40.36056770446159,-74.19487710458316,5.0,SNOW,50
44006,6006,2017-05-01 12:38:29.790,40.36035851191466,-74.1948779578196,5.0,SNOW,50
44007,6006,2017-05-01 12:38:30.980,40.36015144322789,-74.19487700353298,5.0,SNOW,50
44008,6006,2017-05-01 12:38:32.210,40.359945635692505,-74.1948826623024,5.0,SNOW,50
44009,6006,2017-05-01 12:38:33.410,40.35951878814557,-74.19489798347826,5.0,SNOW,50
44010,6006,2017-05-01 12:38:34.599,40.3593018001909,-74.19490727217084,5.0,SNOW,50
44011,6006,2017-05-01 12:38:35.786,40.359083945018504,-74.1949159472834,5.0,SNOW,50
44012,6006,2017-05-01 12:38:36.990,40.35886253544138,-74.19492351491452,5.0,SNOW,50
44013,6006,2017-05-01 12:38:38.160,40.35864063353136,-74.19493117636796,5.0,SNOW,50
44014,6006,2017-05-01 12:38:39.330,40.35841918777995,-74.19493890214925,5.0,SNOW,50
44015,6006,2017-05-01 12:38:40.511,40.35797696979567,-74.19495870128567,5.0,SNOW,50
44016,6006,2017-05-01 12:38:41.651,40.357754288740175,-74.19496876579056,5.0,SNOW,50
44017,6006,2017-05-01 12:38:42.763,40.35753730908555,-74.19497344214544,5.0,SNOW,50
44018,6006,2017-05-01 12:38:43.887,40.3573311940312,-74.19497991090834,5.0,SNOW,50
44019,6006,2017-05-01 12:38:45.071,40.35713271243215,-74.19498841242853,5.0,SNOW,50
44020,6006,2017-05-01 12:38:46.281,40.356940725025,-74.19499700922893,5.0,SNOW,50
44021,6006,2017-05-01 12:38:47.450,40.35655856393627,-74.19501750668036,5.0,SNOW,50
44022,6006,2017-05-01 12:38:48.609,40.356370149661096,-74.19502510974131,5.0,SNOW,50
44023,6006,2017-05-01 12:38:49.824,40.35618106494736,-74.19503215436904,5.0,SNOW,50
44024,6006,2017-05-01 12:38:50.942,40.355986689466626,-74.19503655822355,5.0,SNOW,50
44025,6006,2017-05-01 12:38:52.100,40.35579323295308,-74.19503777143586,5.0,SNOW,50
44026,6006,2017-05-01 12:38:53.280,40.35559883394081,-74.19504148254835,5.0,SNOW,50
44027,6006,2017-05-01 12:38:54.450,40.355201616279174,-74.19505497352762,5.0,SNOW,50
44028,6006,2017-05-01 12:38:55.581,40.3550036467093,-74.19506420436555,5.0,SNOW,50
44029,6006,2017-05-01 12:38:56.791,40.35480369657541,-74.19507421982382,5.0,SNOW,50
44030,6006,2017-05-01 12:38:58.017,40.35459949478308,-74.19508200738235,5.0,SNOW,50
44031,6006,2017-05-01 12:38:59.180,40.354391898055155,-74.19508840832316,5.0,SNOW,50
44032,6006,2017-05-01 12:39:00.385,40.35397634877005,-74.195106100417,5.0,SNOW,50
44033,6006,2017-05-01 12:39:01.570,40.35376614777138,-74.19511435071651,5.0,SNOW,50
44034,6006,2017-05-01 12:39:02.730,40.35355713924094,-74.19512368557719,5.0,SNOW,50
44035,6006,2017-05-01 12:39:03.901,40.3533473324145,-74.19513369670997,5.0,SNOW,50
44036,6006,2017-05-01 12:39:05.082,40.353137076870155,-74.1951438014094,5.0,SNOW,50
44037,6006,2017-05-01 12:39:06.280,40.352925757110924,-74.19515349163022,5.0,SNOW,50
44038,6006,2017-05-01 12:39:07.489,40.352504360091096,-74.19517034640428,5.0,SNOW,50
44039,6006,2017-05-01 12:39:08.669,40.35229354567659,-74.19517748177086,5.0,SNOW,50
44040,6006,2017-05-01 12:39:09.909,40.3520815988515,-74.19518460939986,5.0,SNOW,50
44041,6006,2017-05-01 12:39:11.116,40.35186966561648,-74.19519223542122,5.0,SNOW,50
44042,6006,2017-05-01 12:39:12.299,40.35165744453351,-74.19519976684536,5.0,SNOW,50
44043,6006,2017-05-01 12:39:13.483,40.35144690928479,-74.19520477815193,5.0,SNOW,50
44044,6006,2017-05-01 12:39:14.684,40.351022509881695,-74.19521815871354,5.0,SNOW,50
44045,6006,2017-05-01 12:39:15.881,40.350809470700504,-74.1952272942783,5.0,SNOW,50
44046,6006,2017-05-01 12:39:17.100,40.350592397977394,-74.19523432489747,5.0,SNOW,50
44047,6006,2017-05-01 12:39:18.300,40.35037622449603,-74.19524129641016,5.0,SNOW,50
44048,6006,2017-05-01 12:39:19.449,40.349937652448254,-74.19525650473204,5.0,SNOW,50
44049,6006,2017-05-01 12:39:20.599,40.34972024009618,-74.19526493571658,5.0,SNOW,50
44050,6006,2017-05-01 12:39:21.810,40.34950129281626,-74.19527390823964,5.0,SNOW,50
44051,6006,2017-05-01 12:39:23.029,40.349281639009405,-74.1952816758591,5.0,SNOW,50
44052,6006,2017-05-01 12:39:24.168,40.34906227863131,-74.19528956745195,5.0,SNOW,50
44053,6006,2017-05-01 12:39:25.359,40.348626266644864,-74.19530532785656,5.0,SNOW,50
44054,6006,2017-05-01 12:39:26.569,40.348410116376535,-74.19531474219669,5.0,SNOW,50
44055,6006,2017-05-01 12:39:27.739,40.34819354895701,-74.19532307089428,5.0,SNOW,50
44056,6006,2017-05-01 12:39:28.930,40.347977935487904,-74.19533103841133,5.0,SNOW,50
44057,6006,2017-05-01 12:39:30.111,40.34776412698512,-74.19533917679338,5.0,SNOW,50
44058,6006,2017-05-01 12:39:31.319,40.34755021485822,-74.19535226261662,5.0,SNOW,50
44059,6006,2017-05-01 12:39:32.519,40.34713228919374,-74.19536634764565,5.0,SNOW,50
44060,6006,2017-05-01 12:39:33.699,40.346924485624754,-74.1953836831268,5.0,SNOW,50
44061,6006,2017-05-01 12:39:34.884,40.34671661840834,-74.19539814130898,5.0,SNOW,50
44062,6006,2017-05-01 12:39:36.071,40.34652070197893,-74.1954094568697,5.0,SNOW,50
44063,6006,2017-05-01 12:39:37.281,40.346324900309625,-74.19541923807222,5.0,SNOW,50
44064,6006,2017-05-01 12:39:38.449,40.34594460272091,-74.19543279529618,5.0,SNOW,50
44065,6006,2017-05-01 12:39:39.629,40.34576019559582,-74.19543660665124,5.0,SNOW,50
44066,6006,2017-05-01 12:39:40.807,40.34557683625468,-74.1954405786344,5.0,SNOW,50
44067,6006,2017-05-01 12:39:41.990,40.34538371687417,-74.19544782191468,5.0,SNOW,50
44068,6006,2017-05-01 12:39:43.209,40.34518767018065,-74.1954518812277,5.0,SNOW,50
44069,6006,2017-05-01 12:39:44.409,40.344781103952585,-74.19546962613862,5.0,SNOW,50
44070,6006,2017-05-01 12:39:45.607,40.344596447190064,-74.19547165853977,5.0,SNOW,50
44071,6006,2017-05-01 12:39:46.807,40.34440827057061,-74.19547815007863,5.0,SNOW,50
44072,6006,2017-05-01 12:39:47.971,40.344210765491056,-74.19548459131582,5.0,SNOW,50
44073,6006,2017-05-01 12:39:49.151,40.344009088507185,-74.1954917391126,5.0,SNOW,50
44074,6006,2017-05-01 12:39:50.331,40.343815153050336,-74.19549552810457,5.0,SNOW,50
44075,6006,2017-05-01 12:39:51.543,40.343428880908746,-74.19548566359411,5.0,SNOW,50
44076,6006,2017-05-01 12:39:52.739,40.34323578412196,-74.19547469930075,5.0,SNOW,50
44077,6006,2017-05-01 12:39:53.936,40.3430501772617,-74.19545757521092,5.0,SNOW,50
44078,6006,2017-05-01 12:39:55.120,40.342856423269716,-74.19543893196823,5.0,SNOW,50
44079,6006,2017-05-01 12:39:56.331,40.342670040165046,-74.19541671619572,5.0,SNOW,50
44080,6006,2017-05-01 12:39:57.521,40.34229219656411,-74.19539772524519,5.0,SNOW,50
44081,6006,2017-05-01 12:39:58.709,40.34210561560213,-74.19537448015242,5.0,SNOW,50
44082,6006,2017-05-01 12:39:59.904,40.34191522046269,-74.19534906214017,5.0,SNOW,50
44083,6006,2017-05-01 12:40:01.091,40.34173361644158,-74.19532443730041,5.0,SNOW,50
44084,6006,2017-05-01 12:40:02.289,40.34155155386194,-74.19530689123376,5.0,SNOW,50
44085,6006,2017-05-01 12:40:03.463,40.34115554468907,-74.19524320043823,5.0,SNOW,50
44086,6006,2017-05-01 12:40:04.629,40.340967229199,-74.1952129992088,5.0,SNOW,50
44087,6006,2017-05-01 12:40:05.830,40.340781311829325,-74.19517290943162,5.0,SNOW,50
44088,6006,2017-05-01 12:40:07.017,40.34060133093115,-74.19513583408013,5.0,SNOW,50
44089,6006,2017-05-01 12:40:08.186,40.34043141372821,-74.19510675686392,5.0,SNOW,50
44090,6006,2017-05-01 12:40:09.399,40.34007983539368,-74.19503267120346,5.0,SNOW,50
44091,6006,2017-05-01 12:40:10.579,40.33991076575282,-74.19497634229349,5.0,SNOW,50
44092,6006,2017-05-01 12:40:11.793,40.33973214237771,-74.19491667660456,5.0,SNOW,50
44093,6006,2017-05-01 12:40:13.000,40.339553383302565,-74.19486708592909,5.0,SNOW,50
44094,6006,2017-05-01 12:40:14.220,40.33939371162745,-74.19482723313831,5.0,SNOW,50
44095,6006,2017-05-01 12:40:15.410,40.33906126246432,-74.1947369216952,5.0,SNOW,50
44096,6006,2017-05-01 12:40:16.599,40.33889722507184,-74.19468808603722,5.0,SNOW,50
44097,6006,2017-05-01 12:40:17.804,40.33873350118143,-74.1946357305655,5.0,SNOW,50
44098,6006,2017-05-01 12:40:18.982,40.3385762921402,-74.19458788118258,5.0,SNOW,50
44099,6006,2017-05-01 12:40:20.121,40.338435288228894,-74.1945471368111,5.0,SNOW,50
44100,6006,2017-05-01 12:40:21.320,40.3383107541126,-74.19450758401517,5.0,SNOW,50
44101,6006,2017-05-01 12:40:22.533,40.33813268936853,-74.19444736341839,5.0,SNOW,50
44102,6006,2017-05-01 12:40:23.667,40.33807764072674,-74.19443906413652,5.0,SNOW,50
44103,6006,2017-05-01 12:40:24.866,40.33804861831066,-74.19446093837871,5.0,SNOW,50
44104,6006,2017-05-01 12:40:26.039,40.33803058907823,-74.19449760181048,5.0,SNOW,50
44105,6006,2017-05-01 12:40:27.197,40.33800913899868,-74.19455965078338,5.0,SNOW,50
44106,6006,2017-05-01 12:40:28.339,40.33799024170144,-74.1946262010744,5.0,SNOW,50
44107,6006,2017-05-01 12:40:29.479,40.33792933305433,-74.19489150550132,5.0,SNOW,50
44108,6006,2017-05-01 12:40:30.649,40.337906053299804,-74.1950147930153,5.0,SNOW,50
44109,6006,2017-05-01 12:40:31.832,40.33787959256549,-74.19515627766937,5.0,SNOW,50
44110,6006,2017-05-01 12:40:33.039,40.33785885636247,-74.19531647601946,5.0,SNOW,50
44111,6006,2017-05-01 12:40:34.221,40.33783831499944,-74.19548644317719,5.0,SNOW,50
44112,6006,2017-05-01 12:40:35.369,40.3378325223845,-74.19584304065619,5.0,SNOW,50
44113,6006,2017-05-01 12:40:36.542,40.337844163047535,-74.19603403568458,5.0,SNOW,50
44114,6006,2017-05-01 12:40:37.727,40.33786693447518,-74.19621161308454,5.0,SNOW,50
44115,6006,2017-05-01 12:40:38.906,40.337899842561534,-74.19639064843967,5.0,SNOW,50
44116,6006,2017-05-01 12:40:40.071,40.33796341689616,-74.19653995204442,5.0,SNOW,50
44117,6006,2017-05-01 12:40:41.275,40.33802951604872,-74.19670350781638,5.0,SNOW,50
44118,6006,2017-05-01 12:40:42.440,40.33815143184108,-74.19702532038674,5.0,SNOW,50
44119,6006,2017-05-01 12:40:43.669,40.33820084727752,-74.19716826691484,5.0,SNOW,50
44120,6006,2017-05-01 12:40:44.839,40.33825731701963,-74.19733567621257,5.0,SNOW,50
44121,6006,2017-05-01 12:40:45.995,40.33827509356036,-74.19750057621191,5.0,SNOW,50
44122,6006,2017-05-01 12:40:47.165,40.33828770540644,-74.19767890935282,5.0,SNOW,50
44123,6006,2017-05-01 12:40:48.334,40.338284857675056,-74.1978457613896,5.0,SNOW,50
44124,6006,2017-05-01 12:40:49.479,40.338264265525545,-74.19822277648959,5.0,SNOW,50
44125,6006,2017-05-01 12:40:50.634,40.33824523067493,-74.1984310796885,5.0,SNOW,50
44126,6006,2017-05-01 12:40:51.819,40.338222397319754,-74.19863644614905,5.0,SNOW,50
44127,6006,2017-05-01 12:40:53.003,40.33819720725029,-74.19883686698311,5.0,SNOW,50
44128,6006,2017-05-01 12:40:54.157,40.33816743133342,-74.19902827676734,5.0,SNOW,50
44129,6006,2017-05-01 12:40:55.334,40.33813670678544,-74.19923719493886,5.0,SNOW,50
44130,6006,2017-05-01 12:40:56.514,40.33806345525761,-74.19962924848016,5.0,SNOW,50
44131,6006,2017-05-01 12:40:57.655,40.33802340832773,-74.1998428041541,5.0,SNOW,50
44132,6006,2017-05-01 12:40:58.821,40.33798600035254,-74.20004030608882,5.0,SNOW,50
44133,6006,2017-05-01 12:40:59.985,40.33794528406074,-74.2002399425565,5.0,SNOW,50
44134,6006,2017-05-01 12:41:01.167,40.33790607165974,-74.20044212174462,5.0,SNOW,50
44135,6006,2017-05-01 12:41:02.354,40.33786857400581,-74.20064586640383,5.0,SNOW,50
44136,6006,2017-05-01 12:41:03.523,40.33781110773116,-74.2010303663472,5.0,SNOW,50
44137,6006,2017-05-01 12:41:04.684,40.33778526537145,-74.20120598348562,5.0,SNOW,50
44138,6006,2017-05-01 12:41:05.838,40.33776537391364,-74.20138208823654,5.0,SNOW,50
44139,6006,2017-05-01 12:41:07.031,40.33774845227744,-74.20156990522493,5.0,SNOW,50
44140,6006,2017-05-01 12:41:08.214,40.33773720493382,-74.20175162476504,5.0,SNOW,50
44141,6006,2017-05-01 12:41:09.374,40.3377462617071,-74.20216158939421,5.0,SNOW,50
44142,6006,2017-05-01 12:41:10.554,40.3377632669391,-74.2023770682663,5.0,SNOW,50
44143,6006,2017-05-01 12:41:11.716,40.3377857230202,-74.20259585263406,5.0,SNOW,50
44144,6006,2017-05-01 12:41:12.899,40.33780990412583,-74.20281218157065,5.0,SNOW,50
44145,6006,2017-05-01 12:41:14.106,40.3378388019458,-74.20303863168098,5.0,SNOW,50
44146,6006,2017-05-01 12:41:15.260,40.337869638530904,-74.20327517593208,5.0,SNOW,50
44147,6006,2017-05-01 12:41:16.466,40.33793883075723,-74.20368909026712,5.0,SNOW,50
44148,6006,2017-05-01 12:41:17.614,40.33797101765353,-74.20388187914159,5.0,SNOW,50
44149,6006,2017-05-01 12:41:18.782,40.338003011740895,-74.2040655459652,5.0,SNOW,50
44150,6006,2017-05-01 12:41:19.955,40.33803030218835,-74.20424157975985,5.0,SNOW,50
44151,6006,2017-05-01 12:41:21.125,40.338049980396875,-74.2044246802845,5.0,SNOW,50
44152,6006,2017-05-01 12:41:22.255,40.338062457328746,-74.20462439798393,5.0,SNOW,50
44153,6006,2017-05-01 12:41:23.406,40.33807066244703,-74.20505595715852,5.0,SNOW,50
44154,6006,2017-05-01 12:41:24.554,40.33807132865389,-74.20525492483203,5.0,SNOW,50
44155,6006,2017-05-01 12:41:25.718,40.33806359591005,-74.20544896582058,5.0,SNOW,50
44156,6006,2017-05-01 12:41:26.896,40.33805593974217,-74.20563903719516,5.0,SNOW,50
44157,6006,2017-05-01 12:41:28.043,40.33804898211059,-74.20582325198993,5.0,SNOW,50
44158,6006,2017-05-01 12:41:29.212,40.33804239381324,-74.20602236022737,5.0,SNOW,50
44159,6006,2017-05-01 12:41:30.365,40.33803016453806,-74.20643383607033,5.0,SNOW,50
44160,6006,2017-05-01 12:41:31.525,40.33802997423188,-74.20662999608689,5.0,SNOW,50
44161,6006,2017-05-01 12:41:32.697,40.33802793336966,-74.2068166833546,5.0,SNOW,50
44162,6006,2017-05-01 12:41:33.857,40.33802530072149,-74.20699286628849,5.0,SNOW,50
44163,6006,2017-05-01 12:41:35.038,40.33802259786887,-74.2071591148292,5.0,SNOW,50
44164,6006,2017-05-01 12:41:36.224,40.338013947214904,-74.20731243564424,5.0,SNOW,50
44165,6006,2017-05-01 12:41:37.364,40.337969626750436,-74.20763199952847,5.0,SNOW,50
44166,6006,2017-05-01 12:41:38.505,40.33793665869098,-74.20780931596609,5.0,SNOW,50
44167,6006,2017-05-01 12:41:39.664,40.33790272265388,-74.20798898316912,5.0,SNOW,50
44168,6006,2017-05-01 12:41:40.826,40.33786648325529,-74.20816660950419,5.0,SNOW,50
44169,6006,2017-05-01 12:41:42.002,40.337827068293905,-74.20835263371559,5.0,SNOW,50
44170,6006,2017-05-01 12:41:43.174,40.33777509756997,-74.20856256307934,5.0,SNOW,50
44171,6006,2017-05-01 12:41:44.364,40.33766859978994,-74.20896444933022,5.0,SNOW,50
44172,6006,2017-05-01 12:41:45.516,40.337612148779485,-74.209149320519,5.0,SNOW,50
44173,6006,2017-05-01 12:41:46.694,40.33755037424077,-74.20933715276567,5.0,SNOW,50
44174,6006,2017-05-01 12:41:47.876,40.337490186262755,-74.20950658023139,5.0,SNOW,50
44175,6006,2017-05-01 12:41:49.041,40.337425092065466,-74.209686435912,5.0,SNOW,50
44176,6006,2017-05-01 12:41:50.234,40.337352221591665,-74.20987334432428,5.0,SNOW,50
44177,6006,2017-05-01 12:41:51.384,40.33721576138679,-74.21023905586512,5.0,SNOW,50
44178,6006,2017-05-01 12:41:52.564,40.337147561287246,-74.2104224819173,5.0,SNOW,50
44179,6006,2017-05-01 12:41:53.744,40.33708424803262,-74.21059440269799,5.0,SNOW,50
44180,6006,2017-05-01 12:41:54.907,40.33701905427027,-74.21077277002368,5.0,SNOW,50
44181,6006,2017-05-01 12:41:56.067,40.336954973542795,-74.21095501191357,5.0,SNOW,50
44182,6006,2017-05-01 12:41:57.277,40.33689165480486,-74.21114159474766,5.0,SNOW,50
44183,6006,2017-05-01 12:41:58.454,40.33678493606482,-74.21149449086623,5.0,SNOW,50
44184,6006,2017-05-01 12:41:59.614,40.33674052161592,-74.21165380365417,5.0,SNOW,50
44185,6006,2017-05-01 12:42:00.808,40.336689889284926,-74.21182049854411,5.0,SNOW,50
44186,6006,2017-05-01 12:42:01.995,40.33664947377057,-74.2119529261035,5.0,SNOW,50
44187,6006,2017-05-01 12:42:03.185,40.336613743507804,-74.21206828832139,5.0,SNOW,50
44188,6006,2017-05-01 12:42:04.383,40.33656178036775,-74.21222679802811,5.0,SNOW,50
44189,6006,2017-05-01 12:42:05.564,40.33655869946857,-74.21227767617822,5.0,SNOW,50
44190,6006,2017-05-01 12:42:06.744,40.33657498045297,-74.21231619063255,5.0,SNOW,50
44191,6006,2017-05-01 12:42:07.905,40.33659799007478,-74.21235740885201,5.0,SNOW,50
44192,6006,2017-05-01 12:42:09.067,40.33661848730699,-74.21237979185436,5.0,SNOW,50
44193,6006,2017-05-01 12:42:10.255,40.33663646243372,-74.21242113152086,5.0,SNOW,50
44194,6006,2017-05-01 12:42:11.424,40.33664909621244,-74.21248515946175,5.0,SNOW,50
44195,6006,2017-05-01 12:42:12.644,40.33663776318384,-74.21250457109944,5.0,SNOW,50
44196,6006,2017-05-01 12:42:13.817,40.33662906043581,-74.21253163833349,5.0,SNOW,50
44197,6006,2017-05-01 12:42:14.973,40.33662024252209,-74.21256797998184,5.0,SNOW,50
44198,6006,2017-05-01 12:42:16.164,40.336598384823745,-74.2126111024914,5.0,SNOW,50
44199,6006,2017-05-01 12:42:17.324,40.33656965196682,-74.21264965617631,5.0,SNOW,50
44200,6006,2017-05-01 12:42:18.534,40.33656156475855,-74.21270004217106,5.0,SNOW,50
44201,6006,2017-05-01 12:42:19.715,40.33655654902268,-74.21273020950217,5.0,SNOW,50
44202,6006,2017-05-01 12:42:20.876,40.336543729658075,-74.21276429178981,5.0,SNOW,50
44203,6006,2017-05-01 12:42:22.047,40.33654306129592,-74.21280030499702,5.0,SNOW,50
44204,6006,2017-05-01 12:42:23.225,40.33654226633214,-74.21283190240335,5.0,SNOW,50
44205,6006,2017-05-01 12:42:24.373,40.33653680987643,-74.21287225496513,5.0,SNOW,50
44206,6006,2017-05-01 12:42:25.537,40.33653520153223,-74.21287313685875,5.0,SNOW,50
44207,6006,2017-05-01 12:42:26.705,40.33653520153223,-74.21287313685875,5.0,SNOW,50
44208,6006,2017-05-01 12:42:27.876,40.33653520153223,-74.21287313685875,5.0,SNOW,50
44209,6006,2017-05-01 12:42:29.070,40.33653520153223,-74.21287313685875,5.0,SNOW,50
44210,6006,2017-05-01 12:42:30.252,40.33653520153223,-74.21287313685875,5.0,SNOW,50
44211,6006,2017-05-01 12:42:31.414,40.33653520153223,-74.21287313685875,5.0,SNOW,50
44212,6006,2017-05-01 12:42:32.594,40.33653520153223,-74.21287313685875,5.0,SNOW,50
44213,6006,2017-05-01 12:42:33.804,40.33653520153223,-74.21287313685875,5.0,SNOW,50
44214,6006,2017-05-01 12:42:34.991,40.33653520153223,-74.21287313685875,5.0,SNOW,50
44215,6006,2017-05-01 12:42:36.188,40.33653520153223,-74.21287313685875,5.0,SNOW,50
44216,6006,2017-05-01 12:42:37.385,40.33653520153223,-74.21287313685875,5.0,SNOW,50
44217,6006,2017-05-01 12:42:38.544,40.33653520153223,-74.21287313685875,5.0,SNOW,50
44218,6006,2017-05-01 12:42:39.718,40.33653520153223,-74.21287313685875,5.0,SNOW,50
44219,6006,2017-05-01 12:42:40.840,40.33653520153223,-74.21287313685875,5.0,SNOW,50
44220,6006,2017-05-01 12:42:41.957,40.33653520153223,-74.21287313685875,5.0,SNOW,50
44221,6006,2017-05-01 12:42:43.076,40.33653520153223,-74.21287313685875,5.0,SNOW,50
44222,6006,2017-05-01 12:42:44.224,40.33653520153223,-74.21287313685875,5.0,SNOW,50
