7998,6001,2017-05-01 12:21:54.838,40.3973815891076,-74.222769253928,1.0,RAIN,20
7999,6001,2017-05-01 12:21:56.620,40.3973815891076,-74.222769253928,1.0,RAIN,20
8000,6001,2017-05-01 12:21:57.920,40.3973815891076,-74.222769253928,1.0,RAIN,20
8001,6001,2017-05-01 12:21:59.067,40.3973815891076,-74.222769253928,1.0,RAIN,20
8002,6001,2017-05-01 12:22:00.219,40.3973815891076,-74.222769253928,1.0,RAIN,20
8003,6001,2017-05-01 12:22:01.393,40.3973815891076,-74.222769253928,1.0,RAIN,20
8004,6001,2017-05-01 12:22:02.560,40.3973815891076,-74.222769253928,1.0,RAIN,20
8005,6001,2017-05-01 12:22:04.039,40.3973815891076,-74.222769253928,1.0,RAIN,20
8006,6001,2017-05-01 12:22:05.231,40.3973815891076,-74.222769253928,1.0,RAIN,20
8007,6001,2017-05-01 12:22:06.411,40.39731526753687,-74.22279239904657,1.0,RAIN,20
8008,6001,2017-05-01 12:22:07.579,40.39731526753687,-74.22279239904657,1.0,RAIN,20
8009,6001,2017-05-01 12:22:08.749,40.39731526753687,-74.22279239904657,1.0,RAIN,20
8010,6001,2017-05-01 12:22:09.949,40.39731526753687,-74.22279239904657,1.0,RAIN,20
8011,6001,2017-05-01 12:22:11.108,40.39731526753687,-74.22279239904657,1.0,RAIN,20
8012,6001,2017-05-01 12:22:12.269,40.39731526753687,-74.22279239904657,1.0,RAIN,20
8013,6001,2017-05-01 12:22:13.667,40.39731526753687,-74.22279239904657,1.0,RAIN,20
8014,6001,2017-05-01 12:22:14.835,40.39731526753687,-74.22279239904657,1.0,RAIN,20
8015,6001,2017-05-01 12:22:16.055,40.39731526753687,-74.22279239904657,1.0,RAIN,20
8016,6001,2017-05-01 12:22:17.229,40.39731526753687,-74.22279239904657,1.0,RAIN,20
8017,6001,2017-05-01 12:22:18.389,40.39731526753687,-74.22279239904657,1.0,RAIN,20
8018,6001,2017-05-01 12:22:19.623,40.39731526753687,-74.22279239904657,1.0,RAIN,20
8019,6001,2017-05-01 12:22:20.799,40.39731526753687,-74.22279239904657,1.0,RAIN,20
8020,6001,2017-05-01 12:22:21.969,40.39731526753687,-74.22279239904657,1.0,RAIN,20
8021,6001,2017-05-01 12:22:23.121,40.397232873126484,-74.2228376445056,1.0,RAIN,20
8022,6001,2017-05-01 12:22:24.298,40.39721983264925,-74.22286290813129,1.0,RAIN,20
8023,6001,2017-05-01 12:22:25.550,40.39719762341112,-74.22291891752037,1.0,RAIN,20
8024,6001,2017-05-01 12:22:26.719,40.397188529805966,-74.22294358559064,1.0,RAIN,20
8025,6001,2017-05-01 12:22:27.872,40.397174372051026,-74.22297963636403,1.0,RAIN,20
8026,6001,2017-05-01 12:22:29.043,40.3971562529331,-74.22302124040334,1.0,RAIN,20
8027,6001,2017-05-01 12:22:30.197,40.397140215208935,-74.22306010211697,1.0,RAIN,20
8028,6001,2017-05-01 12:22:31.359,40.39711245597722,-74.22312546699754,1.0,RAIN,20
8029,6001,2017-05-01 12:22:32.537,40.397096654989674,-74.22314169060976,1.0,RAIN,20
8030,6001,2017-05-01 12:22:33.702,40.39707502469955,-74.22314811149,1.0,RAIN,20
8031,6001,2017-05-01 12:22:34.907,40.39705536336005,-74.22314109346767,1.0,RAIN,20
8032,6001,2017-05-01 12:22:36.063,40.3970277338489,-74.22312089582354,1.0,RAIN,20
8033,6001,2017-05-01 12:22:37.233,40.39701206411441,-74.22309504670137,1.0,RAIN,20
8034,6001,2017-05-01 12:22:38.439,40.397003625676774,-74.2230407393417,1.0,RAIN,20
8035,6001,2017-05-01 12:22:39.620,40.39700613995851,-74.22301637457743,1.0,RAIN,20
8036,6001,2017-05-01 12:22:40.842,40.39701627110544,-74.22298340645794,1.0,RAIN,20
8037,6001,2017-05-01 12:22:42.025,40.39702978619636,-74.22295500804985,1.0,RAIN,20
8038,6001,2017-05-01 12:22:43.181,40.397039279758,-74.22293698865843,1.0,RAIN,20
8039,6001,2017-05-01 12:22:44.370,40.397053051515485,-74.22290501145565,1.0,RAIN,20
8040,6001,2017-05-01 12:22:45.558,40.39705786192014,-74.22289597351036,1.0,RAIN,20
8041,6001,2017-05-01 12:22:46.732,40.39706099800381,-74.22288835971734,1.0,RAIN,20
8042,6001,2017-05-01 12:22:47.892,40.39706456828446,-74.22288430730973,1.0,RAIN,20
8043,6001,2017-05-01 12:22:49.050,40.397067661239,-74.22287918724945,1.0,RAIN,20
8044,6001,2017-05-01 12:22:50.294,40.39706994309208,-74.22287571194455,1.0,RAIN,20
8045,6001,2017-05-01 12:22:51.479,40.39707513315293,-74.22286815522992,1.0,RAIN,20
8046,6001,2017-05-01 12:22:52.629,40.39707563411571,-74.22286193511339,1.0,RAIN,20
8047,6001,2017-05-01 12:22:53.892,40.39707199476999,-74.22285664723222,1.0,RAIN,20
8048,6001,2017-05-01 12:22:55.040,40.39706546198327,-74.22285169458837,1.0,RAIN,20
8049,6001,2017-05-01 12:22:56.189,40.397059596634286,-74.22284635673775,1.0,RAIN,20
8050,6001,2017-05-01 12:22:57.328,40.39705605438803,-74.22283866318207,1.0,RAIN,20
8051,6001,2017-05-01 12:22:58.511,40.39705431528816,-74.22282218879212,1.0,RAIN,20
8052,6001,2017-05-01 12:22:59.737,40.39705833456407,-74.22280630184197,1.0,RAIN,20
8053,6001,2017-05-01 12:23:00.881,40.397063936092756,-74.22279125387803,1.0,RAIN,20
8054,6001,2017-05-01 12:23:02.039,40.39706804489817,-74.22277177216698,1.0,RAIN,20
8055,6001,2017-05-01 12:23:03.199,40.39707489095317,-74.22274716150491,1.0,RAIN,20
8056,6001,2017-05-01 12:23:04.358,40.39709568747211,-74.22269306869345,1.0,RAIN,20
8057,6001,2017-05-01 12:23:05.529,40.39711050750363,-74.22266352231209,1.0,RAIN,20
8058,6001,2017-05-01 12:23:06.707,40.39712284656551,-74.22263190722765,1.0,RAIN,20
8059,6001,2017-05-01 12:23:07.902,40.397126241967506,-74.22260639132793,1.0,RAIN,20
8060,6001,2017-05-01 12:23:09.149,40.39712803677825,-74.2225867628637,1.0,RAIN,20
8061,6001,2017-05-01 12:23:10.309,40.39712102479988,-74.22255197201235,1.0,RAIN,20
8062,6001,2017-05-01 12:23:11.479,40.39707147773393,-74.22247855614135,1.0,RAIN,20
8063,6001,2017-05-01 12:23:12.659,40.39703485134895,-74.22243226502864,1.0,RAIN,20
8064,6001,2017-05-01 12:23:13.834,40.396993896718875,-74.22237079249916,1.0,RAIN,20
8065,6001,2017-05-01 12:23:15.009,40.396948877087866,-74.22230472842207,1.0,RAIN,20
8066,6001,2017-05-01 12:23:16.179,40.39690759152649,-74.22224746829815,1.0,RAIN,20
8067,6001,2017-05-01 12:23:17.349,40.39683064746778,-74.22214359902156,1.0,RAIN,20
8068,6001,2017-05-01 12:23:18.549,40.396789094129055,-74.22209264681902,1.0,RAIN,20
8069,6001,2017-05-01 12:23:19.709,40.39674936391957,-74.2220632687869,1.0,RAIN,20
8070,6001,2017-05-01 12:23:20.882,40.396715415044675,-74.22203565190061,1.0,RAIN,20
8071,6001,2017-05-01 12:23:22.049,40.396665962741324,-74.22201530641314,1.0,RAIN,20
8072,6001,2017-05-01 12:23:23.230,40.39661441270913,-74.22201516380463,1.0,RAIN,20
8073,6001,2017-05-01 12:23:24.368,40.39649360029321,-74.22206522102682,1.0,RAIN,20
8074,6001,2017-05-01 12:23:25.549,40.396420895250884,-74.22211988133694,1.0,RAIN,20
8075,6001,2017-05-01 12:23:26.730,40.39634585603151,-74.22218232768896,1.0,RAIN,20
8076,6001,2017-05-01 12:23:27.909,40.39626224047516,-74.22225910916822,1.0,RAIN,20
8077,6001,2017-05-01 12:23:29.072,40.396179000619775,-74.22234529380115,1.0,RAIN,20
8078,6001,2017-05-01 12:23:30.249,40.39611218912609,-74.22242378163679,1.0,RAIN,20
8079,6001,2017-05-01 12:23:31.409,40.395976765168996,-74.22259070543227,1.0,RAIN,20
8080,6001,2017-05-01 12:23:32.584,40.395903483780884,-74.2226796824315,1.0,RAIN,20
8081,6001,2017-05-01 12:23:33.759,40.39584582271386,-74.22275724052581,1.0,RAIN,20
8082,6001,2017-05-01 12:23:34.919,40.395791443437,-74.22283149698322,1.0,RAIN,20
8083,6001,2017-05-01 12:23:36.087,40.39574145030886,-74.22289807880409,1.0,RAIN,20
8084,6001,2017-05-01 12:23:37.260,40.39569945439411,-74.2229494298438,1.0,RAIN,20
8085,6001,2017-05-01 12:23:38.429,40.395627474051835,-74.22302256289598,1.0,RAIN,20
8086,6001,2017-05-01 12:23:39.608,40.395606342624575,-74.22304033965383,1.0,RAIN,20
8087,6001,2017-05-01 12:23:40.779,40.395596913381745,-74.22304595805532,1.0,RAIN,20
8088,6001,2017-05-01 12:23:41.950,40.395596913381745,-74.22304595805532,1.0,RAIN,20
8089,6001,2017-05-01 12:23:43.127,40.395596913381745,-74.22304595805532,1.0,RAIN,20
8090,6001,2017-05-01 12:23:44.352,40.395596913381745,-74.22304595805532,1.0,RAIN,20
8091,6001,2017-05-01 12:23:45.529,40.395596913381745,-74.22304595805532,1.0,RAIN,20
8092,6001,2017-05-01 12:23:46.719,40.395596913381745,-74.22304595805532,1.0,RAIN,20
8093,6001,2017-05-01 12:23:47.883,40.395596913381745,-74.22304595805532,1.0,RAIN,20
8094,6001,2017-05-01 12:23:49.044,40.395596913381745,-74.22304595805532,1.0,RAIN,20
8095,6001,2017-05-01 12:23:50.219,40.395596913381745,-74.22304595805532,1.0,RAIN,20
8096,6001,2017-05-01 12:23:51.397,40.395596913381745,-74.22304595805532,1.0,RAIN,20
8097,6001,2017-05-01 12:23:52.559,40.395596913381745,-74.22304595805532,1.0,RAIN,20
8098,6001,2017-05-01 12:23:53.739,40.395596913381745,-74.22304595805532,1.0,RAIN,20
8099,6001,2017-05-01 12:23:54.912,40.395596913381745,-74.22304595805532,1.0,RAIN,20
8100,6001,2017-05-01 12:23:56.124,40.395596913381745,-74.22304595805532,1.0,RAIN,20
8101,6001,2017-05-01 12:23:57.298,40.395596913381745,-74.22304595805532,1.0,RAIN,20
8102,6001,2017-05-01 12:23:58.459,40.395596913381745,-74.22304595805532,1.0,RAIN,20
8103,6001,2017-05-01 12:23:59.639,40.395596913381745,-74.22304595805532,1.0,RAIN,20
8104,6001,2017-05-01 12:24:00.790,40.395596913381745,-74.22304595805532,1.0,RAIN,20
8105,6001,2017-05-01 12:24:02.039,40.395596913381745,-74.22304595805532,1.0,RAIN,20
8106,6001,2017-05-01 12:24:03.202,40.395596913381745,-74.22304595805532,1.0,RAIN,20
8107,6001,2017-05-01 12:24:04.370,40.395596913381745,-74.22304595805532,1.0,RAIN,20
8108,6001,2017-05-01 12:24:05.610,40.395596913381745,-74.22304595805532,1.0,RAIN,20
8109,6001,2017-05-01 12:24:06.790,40.395596910620135,-74.22304605349339,1.0,RAIN,20
8110,6001,2017-05-01 12:24:07.952,40.39560366098331,-74.22305175560894,1.0,RAIN,20
8111,6001,2017-05-01 12:24:09.361,40.39562641320119,-74.2230544626993,1.0,RAIN,20
8112,6001,2017-05-01 12:24:10.549,40.395639866961325,-74.22305443136746,1.0,RAIN,20
8113,6001,2017-05-01 12:24:11.718,40.39565440644795,-74.22305192583039,1.0,RAIN,20
8114,6001,2017-05-01 12:24:13.144,40.39566919038537,-74.2230469941035,1.0,RAIN,20
8115,6001,2017-05-01 12:24:14.319,40.39569195260114,-74.22303836369534,1.0,RAIN,20
8116,6001,2017-05-01 12:24:15.500,40.39570108729452,-74.22303173879395,1.0,RAIN,20
8117,6001,2017-05-01 12:24:16.689,40.39570806045633,-74.22302339867556,1.0,RAIN,20
8118,6001,2017-05-01 12:24:17.862,40.39571249058904,-74.2230202083318,1.0,RAIN,20
8119,6001,2017-05-01 12:24:19.048,40.39571657212188,-74.2230193065662,1.0,RAIN,20
8120,6001,2017-05-01 12:24:20.209,40.39571993767928,-74.22302081380406,1.0,RAIN,20
8121,6001,2017-05-01 12:24:21.379,40.39572386747594,-74.22302084307002,1.0,RAIN,20
8122,6001,2017-05-01 12:24:22.578,40.39572466570903,-74.22302116578516,1.0,RAIN,20
8123,6001,2017-05-01 12:24:23.799,40.395725218258974,-74.22302143888949,1.0,RAIN,20
8124,6001,2017-05-01 12:24:24.979,40.3957253844924,-74.22302185508411,1.0,RAIN,20
8125,6001,2017-05-01 12:24:26.150,40.39572489009922,-74.22302277383514,1.0,RAIN,20
8126,6001,2017-05-01 12:24:27.329,40.39572345560181,-74.22302403471332,1.0,RAIN,20
8127,6001,2017-05-01 12:24:28.480,40.39571878749651,-74.2230277168552,1.0,RAIN,20
8128,6001,2017-05-01 12:24:29.669,40.39571626972774,-74.22303063567448,1.0,RAIN,20
8129,6001,2017-05-01 12:24:30.862,40.395714012195825,-74.22303319813675,1.0,RAIN,20
8130,6001,2017-05-01 12:24:32.062,40.395711778773475,-74.22303465134081,1.0,RAIN,20
8131,6001,2017-05-01 12:24:33.279,40.39571002265626,-74.22303539303093,1.0,RAIN,20
8132,6001,2017-05-01 12:24:34.447,40.3957074433582,-74.22303583094609,1.0,RAIN,20
8133,6001,2017-05-01 12:24:35.619,40.39570372062947,-74.22303731676023,1.0,RAIN,20
8134,6001,2017-05-01 12:24:36.807,40.395695269607934,-74.22303605500363,1.0,RAIN,20
8135,6001,2017-05-01 12:24:37.999,40.39568560589726,-74.223031361519,1.0,RAIN,20
8136,6001,2017-05-01 12:24:39.138,40.395676673789524,-74.22302708327088,1.0,RAIN,20
8137,6001,2017-05-01 12:24:40.325,40.395667779834056,-74.22302354831398,1.0,RAIN,20
8138,6001,2017-05-01 12:24:41.478,40.39565210550029,-74.2230181606783,1.0,RAIN,20
8139,6001,2017-05-01 12:24:42.631,40.3956449359638,-74.22301600812133,1.0,RAIN,20
8140,6001,2017-05-01 12:24:43.828,40.395637992128655,-74.22301462411816,1.0,RAIN,20
8141,6001,2017-05-01 12:24:44.990,40.39563079038059,-74.22301371878737,1.0,RAIN,20
8142,6001,2017-05-01 12:24:46.149,40.39562344072891,-74.22301254589763,1.0,RAIN,20
8143,6001,2017-05-01 12:24:47.309,40.3956160896011,-74.22301066939389,1.0,RAIN,20
8144,6001,2017-05-01 12:24:48.477,40.39560235673557,-74.2230088037483,1.0,RAIN,20
8145,6001,2017-05-01 12:24:49.649,40.39559629965361,-74.22301066925746,1.0,RAIN,20
8146,6001,2017-05-01 12:24:50.826,40.395591129252594,-74.22301231879817,1.0,RAIN,20
8147,6001,2017-05-01 12:24:52.019,40.39558653253398,-74.22301337137716,1.0,RAIN,20
8148,6001,2017-05-01 12:24:53.199,40.395582918759004,-74.22301479549122,1.0,RAIN,20
8149,6001,2017-05-01 12:24:54.365,40.395579327849184,-74.22301918450323,1.0,RAIN,20
8150,6001,2017-05-01 12:24:55.539,40.39557968488252,-74.22302166827697,1.0,RAIN,20
8151,6001,2017-05-01 12:24:56.739,40.395581558924896,-74.22302482606722,1.0,RAIN,20
8152,6001,2017-05-01 12:24:57.942,40.39558531824615,-74.22302734258508,1.0,RAIN,20
8153,6001,2017-05-01 12:24:59.129,40.39558970000766,-74.22302882672435,1.0,RAIN,20
8154,6001,2017-05-01 12:25:00.309,40.395594810617084,-74.22303028475523,1.0,RAIN,20
8155,6001,2017-05-01 12:25:01.467,40.39560221708798,-74.22303532572826,1.0,RAIN,20
8156,6001,2017-05-01 12:25:02.639,40.395604693257134,-74.22303727816988,1.0,RAIN,20
8157,6001,2017-05-01 12:25:03.843,40.395606295875176,-74.22303832610353,1.0,RAIN,20
8158,6001,2017-05-01 12:25:05.259,40.395607183471135,-74.2230382956305,1.0,RAIN,20
8159,6001,2017-05-01 12:25:06.438,40.395607275775525,-74.22304055488745,1.0,RAIN,20
8160,6001,2017-05-01 12:25:07.611,40.395604178257074,-74.22304659692779,1.0,RAIN,20
8161,6001,2017-05-01 12:25:08.801,40.39559729916664,-74.22305727532309,1.0,RAIN,20
8162,6001,2017-05-01 12:25:09.970,40.39557491540965,-74.22308903658585,1.0,RAIN,20
8163,6001,2017-05-01 12:25:11.139,40.3955297666058,-74.22313409551674,1.0,RAIN,20
8164,6001,2017-05-01 12:25:15.292,40.395298916258916,-74.22315680314532,1.0,RAIN,20
8165,6001,2017-05-01 12:25:16.470,40.39514492305163,-74.22308742586485,1.0,RAIN,20
8166,6001,2017-05-01 12:25:17.649,40.395045618064884,-74.22304166741154,1.0,RAIN,20
8167,6001,2017-05-01 12:25:18.833,40.39493411446494,-74.22298444185611,1.0,RAIN,20
8168,6001,2017-05-01 12:25:20.017,40.39479973403365,-74.2229096309819,1.0,RAIN,20
8169,6001,2017-05-01 12:25:21.179,40.3946729692548,-74.22283716590849,1.0,RAIN,20
8170,6001,2017-05-01 12:25:22.384,40.394399434492506,-74.22268749884834,1.0,RAIN,20
8171,6001,2017-05-01 12:25:23.570,40.39425110507658,-74.22260654198485,1.0,RAIN,20
8172,6001,2017-05-01 12:25:24.759,40.39410277797951,-74.22252253944032,1.0,RAIN,20
8173,6001,2017-05-01 12:25:25.949,40.39396053843557,-74.22243966501951,1.0,RAIN,20
8174,6001,2017-05-01 12:25:27.154,40.39382358130154,-74.22235512427437,1.0,RAIN,20
8175,6001,2017-05-01 12:25:28.340,40.39355222510864,-74.22218709520254,1.0,RAIN,20
8176,6001,2017-05-01 12:25:29.949,40.39341019463623,-74.2220969580628,1.0,RAIN,20
8177,6001,2017-05-01 12:25:31.129,40.393266704176455,-74.22200911404117,1.0,RAIN,20
8178,6001,2017-05-01 12:25:32.330,40.39311446425999,-74.22191241043546,1.0,RAIN,20
8179,6001,2017-05-01 12:25:33.518,40.39279353277906,-74.22170670625954,1.0,RAIN,20
8180,6001,2017-05-01 12:25:34.709,40.39263070310122,-74.22160128211095,1.0,RAIN,20
8181,6001,2017-05-01 12:25:35.952,40.392466636084635,-74.2214899391051,1.0,RAIN,20
8182,6001,2017-05-01 12:25:37.117,40.39230533925611,-74.22138155325142,1.0,RAIN,20
8183,6001,2017-05-01 12:25:38.269,40.392144089122816,-74.2212735617685,1.0,RAIN,20
8184,6001,2017-05-01 12:25:39.417,40.39182050507544,-74.22104744318321,1.0,RAIN,20
8185,6001,2017-05-01 12:25:40.600,40.39165518327058,-74.22093231963113,1.0,RAIN,20
8186,6001,2017-05-01 12:25:41.786,40.39149429127123,-74.22081800941167,1.0,RAIN,20
8187,6001,2017-05-01 12:25:42.949,40.39133672984449,-74.22071019283561,1.0,RAIN,20
8188,6001,2017-05-01 12:25:44.147,40.391179576695215,-74.22060009189182,1.0,RAIN,20
8189,6001,2017-05-01 12:25:45.379,40.39086099412719,-74.22037409143735,1.0,RAIN,20
8190,6001,2017-05-01 12:25:46.560,40.39069871902363,-74.22026044957448,1.0,RAIN,20
8191,6001,2017-05-01 12:25:47.738,40.390534004227845,-74.22014453070442,1.0,RAIN,20
8192,6001,2017-05-01 12:25:48.921,40.390366801304936,-74.22002584568136,1.0,RAIN,20
8193,6001,2017-05-01 12:25:50.117,40.3901968189707,-74.21990512200023,1.0,RAIN,20
8194,6001,2017-05-01 12:25:51.319,40.3900262952926,-74.21978428074857,1.0,RAIN,20
8195,6001,2017-05-01 12:25:52.477,40.38967867711591,-74.21953371038413,1.0,RAIN,20
8196,6001,2017-05-01 12:25:53.637,40.389510901518676,-74.21940549182423,1.0,RAIN,20
8197,6001,2017-05-01 12:25:54.846,40.389338757554256,-74.21927962642455,1.0,RAIN,20
8198,6001,2017-05-01 12:25:56.028,40.389167322213275,-74.21915413539419,1.0,RAIN,20
8199,6001,2017-05-01 12:25:57.210,40.38899316543,-74.21902637296702,1.0,RAIN,20
8200,6001,2017-05-01 12:25:58.389,40.38866024974496,-74.21877625695832,1.0,RAIN,20
8201,6001,2017-05-01 12:25:59.569,40.388498443181355,-74.2186570240349,1.0,RAIN,20
8202,6001,2017-05-01 12:26:00.790,40.38834404631339,-74.21854426403672,1.0,RAIN,20
8203,6001,2017-05-01 12:26:01.978,40.38819260784122,-74.21843300954028,1.0,RAIN,20
8204,6001,2017-05-01 12:26:03.147,40.388041548992966,-74.21831945396775,1.0,RAIN,20
8205,6001,2017-05-01 12:26:04.318,40.38790967049758,-74.21821867970871,1.0,RAIN,20
8206,6001,2017-05-01 12:26:05.510,40.387692631453824,-74.2180570196229,1.0,RAIN,20
8207,6001,2017-05-01 12:26:06.687,40.38759979379848,-74.21798908542735,1.0,RAIN,20
8208,6001,2017-05-01 12:26:07.862,40.38751007840644,-74.21792451799107,1.0,RAIN,20
8209,6001,2017-05-01 12:26:09.047,40.38743188201746,-74.21786736717321,1.0,RAIN,20
8210,6001,2017-05-01 12:26:10.240,40.38736660190018,-74.21781790365075,1.0,RAIN,20
8211,6001,2017-05-01 12:26:11.421,40.3872849497224,-74.21777775181516,1.0,RAIN,20
8212,6001,2017-05-01 12:26:12.609,40.387240778259596,-74.21777616539666,1.0,RAIN,20
8213,6001,2017-05-01 12:26:13.820,40.38719940054826,-74.21780015756808,1.0,RAIN,20
8214,6001,2017-05-01 12:26:14.998,40.387183861339516,-74.21781763593731,1.0,RAIN,20
8215,6001,2017-05-01 12:26:16.185,40.387161985221155,-74.21784569440271,1.0,RAIN,20
8216,6001,2017-05-01 12:26:17.378,40.387117884997785,-74.21789888135135,1.0,RAIN,20
8217,6001,2017-05-01 12:26:18.569,40.38710065850494,-74.21792032612949,1.0,RAIN,20
8218,6001,2017-05-01 12:26:19.853,40.387079188259975,-74.21793920721827,1.0,RAIN,20
8219,6001,2017-05-01 12:26:21.289,40.38706192859248,-74.21794975255297,1.0,RAIN,20
8220,6001,2017-05-01 12:26:22.517,40.38703951319719,-74.21794511914555,1.0,RAIN,20
8221,6001,2017-05-01 12:26:23.691,40.3870318734462,-74.217943338609,1.0,RAIN,20
8222,6001,2017-05-01 12:26:24.872,40.38701897571737,-74.21793791159605,1.0,RAIN,20
8223,6001,2017-05-01 12:26:26.102,40.38701160544559,-74.21794255152201,1.0,RAIN,20
8224,6001,2017-05-01 12:26:27.309,40.38701160544559,-74.21794255152201,1.0,RAIN,20
8225,6001,2017-05-01 12:26:28.509,40.38701160544559,-74.21794255152201,1.0,RAIN,20
8226,6001,2017-05-01 12:26:29.688,40.38701160544559,-74.21794255152201,1.0,RAIN,20
8227,6001,2017-05-01 12:26:30.889,40.38701160544559,-74.21794255152201,1.0,RAIN,20
8228,6001,2017-05-01 12:26:32.329,40.38701160544559,-74.21794255152201,1.0,RAIN,20
8229,6001,2017-05-01 12:26:33.519,40.38701160544559,-74.21794255152201,1.0,RAIN,20
8230,6001,2017-05-01 12:26:34.707,40.38701160544559,-74.21794255152201,1.0,RAIN,20
8231,6001,2017-05-01 12:26:37.389,40.38701160544559,-74.21794255152201,1.0,RAIN,20
8232,6001,2017-05-01 12:26:38.537,40.38701160544559,-74.21794255152201,1.0,RAIN,20
8233,6001,2017-05-01 12:26:39.730,40.38701160544559,-74.21794255152201,1.0,RAIN,20
8234,6001,2017-05-01 12:26:42.279,40.386997826659716,-74.21794127954482,1.0,RAIN,20
8235,6001,2017-05-01 12:26:44.700,40.386990174727224,-74.21793463628943,1.0,RAIN,20
8236,6001,2017-05-01 12:26:45.930,40.3869900006249,-74.2179321722527,1.0,RAIN,20
8237,6001,2017-05-01 12:26:47.140,40.38699270721525,-74.217935054861,1.0,RAIN,20
8238,6001,2017-05-01 12:26:48.339,40.38699681580469,-74.21793733299795,1.0,RAIN,20
8239,6001,2017-05-01 12:26:49.520,40.38700100755444,-74.21793843719855,1.0,RAIN,20
8240,6001,2017-05-01 12:26:50.709,40.38700213667447,-74.2179415808974,1.0,RAIN,20
8241,6001,2017-05-01 12:26:51.930,40.38700243315237,-74.21794670471574,1.0,RAIN,20
8242,6001,2017-05-01 12:26:53.174,40.38700242088537,-74.21794964996293,1.0,RAIN,20
8243,6001,2017-05-01 12:26:54.359,40.38700531736651,-74.21795600006303,1.0,RAIN,20
8244,6001,2017-05-01 12:26:55.614,40.387005472040855,-74.21795571682205,1.0,RAIN,20
8245,6001,2017-05-01 12:26:58.280,40.38701189468957,-74.21795402821175,1.0,RAIN,20
8246,6001,2017-05-01 12:26:59.469,40.38701354328237,-74.21794816407673,1.0,RAIN,20
8247,6001,2017-05-01 12:27:01.892,40.38701714187795,-74.21793968944962,1.0,RAIN,20
8248,6001,2017-05-01 12:27:03.209,40.38702004807169,-74.21793493760569,1.0,RAIN,20
8249,6001,2017-05-01 12:27:04.399,40.38702529148011,-74.21792931996269,1.0,RAIN,20
8250,6001,2017-05-01 12:27:05.633,40.38702648206525,-74.21793365824226,1.0,RAIN,20
8251,6001,2017-05-01 12:27:06.830,40.38702642860679,-74.2179387216465,1.0,RAIN,20
8252,6001,2017-05-01 12:27:08.052,40.38702637558899,-74.21794313956455,1.0,RAIN,20
8253,6001,2017-05-01 12:27:09.239,40.38702558155043,-74.21794837564886,1.0,RAIN,20
8254,6001,2017-05-01 12:27:10.419,40.38702645842962,-74.21795685067652,1.0,RAIN,20
8255,6001,2017-05-01 12:27:11.626,40.38702914243582,-74.2179594743363,1.0,RAIN,20
8256,6001,2017-05-01 12:27:12.862,40.38703096528276,-74.21796136972897,1.0,RAIN,20
8257,6001,2017-05-01 12:27:18.277,40.38703989079848,-74.21794518773838,1.0,RAIN,20
8258,6001,2017-05-01 12:27:19.459,40.38703652317304,-74.2179349385147,1.0,RAIN,20
8259,6001,2017-05-01 12:27:20.642,40.38703331640819,-74.21793215946286,1.0,RAIN,20
8260,6001,2017-05-01 12:27:24.175,40.387032469893796,-74.21794108112395,1.0,RAIN,20
8261,6001,2017-05-01 12:27:25.359,40.38703227862206,-74.21794702948237,1.0,RAIN,20
8262,6001,2017-05-01 12:27:26.539,40.38703141379685,-74.2179522695671,1.0,RAIN,20
8263,6001,2017-05-01 12:27:27.739,40.38703021331418,-74.21795434263818,1.0,RAIN,20
8264,6001,2017-05-01 12:27:28.994,40.387029113318576,-74.21795677000354,1.0,RAIN,20
8265,6001,2017-05-01 12:27:30.169,40.38702879064884,-74.21796109649407,1.0,RAIN,20
8266,6001,2017-05-01 12:27:31.363,40.3870274205198,-74.21797505631798,1.0,RAIN,20
8267,6001,2017-05-01 12:27:32.553,40.387024886780175,-74.21798295421752,1.0,RAIN,20
8268,6001,2017-05-01 12:27:33.769,40.38702258762339,-74.21798917444086,1.0,RAIN,20
8269,6001,2017-05-01 12:27:34.974,40.387019585212826,-74.21799185005244,1.0,RAIN,20
8270,6001,2017-05-01 12:27:36.425,40.387014997874616,-74.21799930446538,1.0,RAIN,20
8271,6001,2017-05-01 12:27:37.649,40.38701349356621,-74.21800410683998,1.0,RAIN,20
8272,6001,2017-05-01 12:27:38.867,40.3870126093739,-74.21800817507803,1.0,RAIN,20
8273,6001,2017-05-01 12:27:41.583,40.387017327485125,-74.2180161229761,1.0,RAIN,20
8274,6001,2017-05-01 12:27:42.820,40.38702049800913,-74.21801705811029,1.0,RAIN,20
8275,6001,2017-05-01 12:27:44.063,40.38702388004033,-74.21801715651803,1.0,RAIN,20
8276,6001,2017-05-01 12:27:45.511,40.387027811161076,-74.21801321857114,1.0,RAIN,20
8277,6001,2017-05-01 12:27:46.705,40.38702820168551,-74.21800721002415,1.0,RAIN,20
8278,6001,2017-05-01 12:27:47.919,40.38702772246011,-74.21800066983504,1.0,RAIN,20
8279,6001,2017-05-01 12:27:49.137,40.38702645088239,-74.21799497060925,1.0,RAIN,20
8280,6001,2017-05-01 12:27:56.301,40.38701881261127,-74.21797624823463,1.0,RAIN,20
8281,6001,2017-05-01 12:27:57.474,40.38701754659888,-74.21797307717087,1.0,RAIN,20
8282,6001,2017-05-01 12:27:58.624,40.38701765497429,-74.21797053859628,1.0,RAIN,20
8283,6001,2017-05-01 12:28:02.388,40.38701908236856,-74.21796792281414,1.0,RAIN,20
8284,6001,2017-05-01 12:28:03.603,40.38701908236882,-74.21796792281337,1.0,RAIN,20
8285,6001,2017-05-01 12:28:04.786,40.38701908236883,-74.21796792281337,1.0,RAIN,20
8286,6001,2017-05-01 12:28:05.999,40.38701908236883,-74.21796792281337,1.0,RAIN,20
8287,6001,2017-05-01 12:28:07.183,40.38701908236883,-74.21796792281337,1.0,RAIN,20
8288,6001,2017-05-01 12:28:08.690,40.38701908236883,-74.21796792281337,1.0,RAIN,20
8289,6001,2017-05-01 12:28:09.928,40.38701908236883,-74.21796792281337,1.0,RAIN,20
8290,6001,2017-05-01 12:28:11.139,40.38701908236883,-74.21796792281337,1.0,RAIN,20
8291,6001,2017-05-01 12:28:12.344,40.38701908236883,-74.21796792281337,1.0,RAIN,20
8292,6001,2017-05-01 12:28:13.539,40.38701908236883,-74.21796792281337,1.0,RAIN,20
8293,6001,2017-05-01 12:28:14.744,40.38701908236883,-74.21796792281337,1.0,RAIN,20
8294,6001,2017-05-01 12:28:15.942,40.38701908236883,-74.21796792281337,1.0,RAIN,20
8295,6001,2017-05-01 12:28:17.144,40.38701908236883,-74.21796792281337,1.0,RAIN,20
8296,6001,2017-05-01 12:28:18.339,40.38701908236883,-74.21796792281337,1.0,RAIN,20
8297,6001,2017-05-01 12:28:21.078,40.38701908236883,-74.21796792281337,1.0,RAIN,20
8298,6001,2017-05-01 12:28:22.285,40.38701908236883,-74.21796792281337,1.0,RAIN,20
8299,6001,2017-05-01 12:28:23.452,40.38701908236883,-74.21796792281337,1.0,RAIN,20
8300,6001,2017-05-01 12:28:24.643,40.38701908236883,-74.21796792281337,1.0,RAIN,20
8301,6001,2017-05-01 12:28:25.865,40.38701908236883,-74.21796792281337,1.0,RAIN,20
8302,6001,2017-05-01 12:28:27.051,40.38701908236883,-74.21796792281337,1.0,RAIN,20
8303,6001,2017-05-01 12:28:28.244,40.38701908236883,-74.21796792281337,1.0,RAIN,20
8304,6001,2017-05-01 12:28:29.439,40.38701908236883,-74.21796792281337,1.0,RAIN,20
8305,6001,2017-05-01 12:28:32.096,40.38701908236883,-74.21796792281337,1.0,RAIN,20
8306,6001,2017-05-01 12:28:33.295,40.38701908236883,-74.21796792281337,1.0,RAIN,20
8307,6001,2017-05-01 12:28:34.463,40.38701908236883,-74.21796792281337,1.0,RAIN,20
8308,6001,2017-05-01 12:28:35.625,40.38701908236883,-74.21796792281337,1.0,RAIN,20
8309,6001,2017-05-01 12:28:36.881,40.38701908236883,-74.21796792281337,1.0,RAIN,20
8310,6001,2017-05-01 12:28:38.066,40.38701908236883,-74.21796792281337,1.0,RAIN,20
8311,6001,2017-05-01 12:28:39.204,40.38701908236883,-74.21796792281337,1.0,RAIN,20
8312,6001,2017-05-01 12:28:40.389,40.38701908236883,-74.21796792281337,1.0,RAIN,20
8313,6001,2017-05-01 12:28:41.569,40.38701908236883,-74.21796792281337,1.0,RAIN,20
8314,6001,2017-05-01 12:28:42.823,40.38701908236883,-74.21796792281337,1.0,RAIN,20
8315,6001,2017-05-01 12:28:45.477,40.38701908236883,-74.21796792281337,1.0,RAIN,20
8316,6001,2017-05-01 12:28:46.648,40.38701908236883,-74.21796792281337,1.0,RAIN,20
8317,6001,2017-05-01 12:28:47.885,40.38701908236883,-74.21796792281337,1.0,RAIN,20
8318,6001,2017-05-01 12:28:49.135,40.38701908236883,-74.21796792281337,1.0,RAIN,20
8319,6001,2017-05-01 12:28:50.337,40.38701908236883,-74.21796792281337,1.0,RAIN,20
8320,6001,2017-05-01 12:28:51.769,40.38701908236883,-74.21796792281337,1.0,RAIN,20
8321,6001,2017-05-01 12:28:52.987,40.38701908236883,-74.21796792281337,1.0,RAIN,20
8322,6001,2017-05-01 12:28:54.169,40.38701908236883,-74.21796792281337,1.0,RAIN,20
8323,6001,2017-05-01 12:28:55.398,40.38701908236883,-74.21796792281337,1.0,RAIN,20
8324,6001,2017-05-01 12:28:56.828,40.38701908236883,-74.21796792281337,1.0,RAIN,20
8325,6001,2017-05-01 12:28:57.954,40.38701908236883,-74.21796792281337,1.0,RAIN,20
8326,6001,2017-05-01 12:28:59.117,40.38701908236883,-74.21796792281337,1.0,RAIN,20
8327,6001,2017-05-01 12:29:00.247,40.38701908236883,-74.21796792281337,1.0,RAIN,20
8328,6001,2017-05-01 12:29:01.368,40.38701908236883,-74.21796792281337,1.0,RAIN,20
8329,6001,2017-05-01 12:29:02.477,40.38701908236883,-74.21796792281337,1.0,RAIN,20
8330,6001,2017-05-01 12:29:03.586,40.38701908236883,-74.21796792281337,1.0,RAIN,20
8331,6001,2017-05-01 12:29:04.756,40.38701908236883,-74.21796792281337,1.0,RAIN,20
8332,6001,2017-05-01 12:29:07.766,40.38701908236883,-74.21796792281337,1.0,RAIN,20
8333,6001,2017-05-01 12:29:08.912,40.38701908236883,-74.21796792281337,1.0,RAIN,20
8334,6001,2017-05-01 12:29:10.036,40.38701908236883,-74.21796792281337,1.0,RAIN,20
8335,6001,2017-05-01 12:29:11.186,40.38701908236883,-74.21796792281337,1.0,RAIN,20
8336,6001,2017-05-01 12:29:12.307,40.38701908236883,-74.21796792281337,1.0,RAIN,20
8337,6001,2017-05-01 12:29:13.431,40.38701908236883,-74.21796792281337,1.0,RAIN,20
8338,6001,2017-05-01 12:29:14.597,40.38701908236883,-74.21796792281337,1.0,RAIN,20
8339,6001,2017-05-01 12:29:15.775,40.38701908236883,-74.21796792281337,1.0,RAIN,20
8340,6001,2017-05-01 12:29:16.954,40.38701908236883,-74.21796792281337,1.0,RAIN,20
8341,6001,2017-05-01 12:29:18.122,40.38701908236883,-74.21796792281337,1.0,RAIN,20
8342,6001,2017-05-01 12:29:19.284,40.38701908236883,-74.21796792281337,1.0,RAIN,20
8343,6001,2017-05-01 12:29:20.772,40.38701908236883,-74.21796792281337,1.0,RAIN,20
8344,6001,2017-05-01 12:29:21.984,40.38701908236883,-74.21796792281337,1.0,RAIN,20
8345,6001,2017-05-01 12:29:23.204,40.38701908236883,-74.21796792281337,1.0,RAIN,20
8346,6001,2017-05-01 12:29:24.372,40.38701908236883,-74.21796792281337,1.0,RAIN,20
8347,6001,2017-05-01 12:29:25.541,40.38701908236883,-74.21796792281337,1.0,RAIN,20
8348,6001,2017-05-01 12:29:26.827,40.38701908236883,-74.21796792281337,1.0,RAIN,20
8349,6001,2017-05-01 12:29:28.047,40.38701908236883,-74.21796792281337,1.0,RAIN,20
8350,6001,2017-05-01 12:29:29.249,40.38701908236883,-74.21796792281337,1.0,RAIN,20
8351,6001,2017-05-01 12:29:30.426,40.38701908236883,-74.21796792281337,1.0,RAIN,20
8352,6001,2017-05-01 12:29:31.604,40.38701908236883,-74.21796792281337,1.0,RAIN,20
8353,6001,2017-05-01 12:29:32.842,40.38701908236883,-74.21796792281337,1.0,RAIN,20
8354,6001,2017-05-01 12:29:34.057,40.38701908236883,-74.21796792281337,1.0,RAIN,20
8355,6001,2017-05-01 12:29:35.234,40.38701908236883,-74.21796792281337,1.0,RAIN,20
8356,6001,2017-05-01 12:29:36.634,40.38701908236883,-74.21796792281337,1.0,RAIN,20
8357,6001,2017-05-01 12:29:37.838,40.38701908236883,-74.21796792281337,1.0,RAIN,20
8358,6001,2017-05-01 12:29:39.294,40.38701908236883,-74.21796792281337,1.0,RAIN,20
8359,6001,2017-05-01 12:29:40.497,40.38701908236883,-74.21796792281337,1.0,RAIN,20
8360,6001,2017-05-01 12:29:41.674,40.38701908236883,-74.21796792281337,1.0,RAIN,20
8361,6001,2017-05-01 12:29:44.800,40.38701908236883,-74.21796792281337,1.0,RAIN,20
8362,6001,2017-05-01 12:29:45.984,40.38701908236883,-74.21796792281337,1.0,RAIN,20
8363,6001,2017-05-01 12:29:49.117,40.38701908236883,-74.21796792281337,1.0,RAIN,20
8364,6001,2017-05-01 12:29:50.304,40.38701908236883,-74.21796792281337,1.0,RAIN,20
8365,6001,2017-05-01 12:29:51.544,40.38701908236883,-74.21796792281337,1.0,RAIN,20
8366,6001,2017-05-01 12:29:52.706,40.38701908236883,-74.21796792281337,1.0,RAIN,20
8367,6001,2017-05-01 12:29:53.889,40.38701908236883,-74.21796792281337,1.0,RAIN,20
8368,6001,2017-05-01 12:29:55.142,40.38701908236883,-74.21796792281337,1.0,RAIN,20
8369,6001,2017-05-01 12:29:56.326,40.38701908236883,-74.21796792281337,1.0,RAIN,20
8370,6001,2017-05-01 12:29:57.514,40.38701908236883,-74.21796792281337,1.0,RAIN,20
8371,6001,2017-05-01 12:29:58.682,40.38701908236883,-74.21796792281337,1.0,RAIN,20
8372,6001,2017-05-01 12:30:01.297,40.38701908236883,-74.21796792281337,1.0,RAIN,20
8373,6001,2017-05-01 12:30:05.687,40.38701908236883,-74.21796792281337,1.0,RAIN,20
8374,6001,2017-05-01 12:30:06.892,40.38701908236883,-74.21796792281337,1.0,RAIN,20
8375,6001,2017-05-01 12:30:08.068,40.38701908236883,-74.21796792281337,1.0,RAIN,20
8376,6001,2017-05-01 12:30:09.496,40.38701908236883,-74.21796792281337,1.0,RAIN,20
8377,6001,2017-05-01 12:30:10.777,40.38701908236883,-74.21796792281337,1.0,RAIN,20
8378,6001,2017-05-01 12:30:12.010,40.38701908236883,-74.21796792281337,1.0,RAIN,20
8379,6001,2017-05-01 12:30:13.219,40.38701908236883,-74.21796792281337,1.0,RAIN,20
8380,6001,2017-05-01 12:30:14.385,40.38701908236883,-74.21796792281337,1.0,RAIN,20
8381,6001,2017-05-01 12:30:15.556,40.38701908236883,-74.21796792281337,1.0,RAIN,20
8382,6001,2017-05-01 12:30:16.818,40.38701908236883,-74.21796792281337,1.0,RAIN,20
8383,6001,2017-05-01 12:30:18.024,40.38701908236883,-74.21796792281337,1.0,RAIN,20
8384,6001,2017-05-01 12:30:19.441,40.38701908236883,-74.21796792281337,1.0,RAIN,20
8385,6001,2017-05-01 12:30:20.653,40.38701908236883,-74.21796792281337,1.0,RAIN,20
8386,6001,2017-05-01 12:30:21.848,40.38701908236883,-74.21796792281337,1.0,RAIN,20
8387,6001,2017-05-01 12:30:23.057,40.38701908236883,-74.21796792281337,1.0,RAIN,20
8388,6001,2017-05-01 12:30:24.285,40.38701908236883,-74.21796792281337,1.0,RAIN,20
8389,6001,2017-05-01 12:30:25.455,40.38701908236883,-74.21796792281337,1.0,RAIN,20
8390,6001,2017-05-01 12:30:26.648,40.38701908236883,-74.21796792281337,1.0,RAIN,20
8391,6001,2017-05-01 12:30:27.843,40.38701908236883,-74.21796792281337,1.0,RAIN,20
8392,6001,2017-05-01 12:30:31.603,40.38701908236883,-74.21796792281337,1.0,RAIN,20
8393,6001,2017-05-01 12:30:33.047,40.38701908236883,-74.21796792281337,1.0,RAIN,20
8394,6001,2017-05-01 12:30:34.464,40.38701908236883,-74.21796792281337,1.0,RAIN,20
8395,6001,2017-05-01 12:30:35.664,40.38701908236883,-74.21796792281337,1.0,RAIN,20
8396,6001,2017-05-01 12:30:36.883,40.38701908236883,-74.21796792281337,1.0,RAIN,20
8397,6001,2017-05-01 12:30:38.079,40.38701908236883,-74.21796792281337,1.0,RAIN,20
8398,6001,2017-05-01 12:30:39.325,40.38701908236883,-74.21796792281337,1.0,RAIN,20
8399,6001,2017-05-01 12:30:42.102,40.38701908236883,-74.21796792281337,1.0,RAIN,20
8400,6001,2017-05-01 12:30:43.354,40.38701908236883,-74.21796792281337,1.0,RAIN,20
8401,6001,2017-05-01 12:30:44.624,40.38701908236883,-74.21796792281337,1.0,RAIN,20
8402,6001,2017-05-01 12:30:45.821,40.38701908236883,-74.21796792281337,1.0,RAIN,20
8403,6001,2017-05-01 12:30:46.994,40.38701908236883,-74.21796792281337,1.0,RAIN,20
8404,6001,2017-05-01 12:30:48.164,40.38701908236883,-74.21796792281337,1.0,RAIN,20
8405,6001,2017-05-01 12:30:49.334,40.38701908236883,-74.21796792281337,1.0,RAIN,20
8406,6001,2017-05-01 12:30:50.503,40.38701908236883,-74.21796792281337,1.0,RAIN,20
8407,6001,2017-05-01 12:30:51.688,40.38701908236883,-74.21796792281337,1.0,RAIN,20
8408,6001,2017-05-01 12:30:52.877,40.38701908236883,-74.21796792281337,1.0,RAIN,20
8409,6001,2017-05-01 12:30:54.375,40.38701908236883,-74.21796792281337,1.0,RAIN,20
8410,6001,2017-05-01 12:30:55.554,40.38701908236883,-74.21796792281337,1.0,RAIN,20
8411,6001,2017-05-01 12:30:56.736,40.38701908236883,-74.21796792281337,1.0,RAIN,20
8412,6001,2017-05-01 12:30:57.959,40.38701908236883,-74.21796792281337,1.0,RAIN,20
8413,6001,2017-05-01 12:30:59.184,40.38701908236883,-74.21796792281337,1.0,RAIN,20
8414,6001,2017-05-01 12:31:00.394,40.38701908236883,-74.21796792281337,1.0,RAIN,20
8415,6001,2017-05-01 12:31:03.184,40.38701908236883,-74.21796792281337,1.0,RAIN,20
8416,6001,2017-05-01 12:31:04.374,40.38701908236883,-74.21796792281337,1.0,RAIN,20
8417,6001,2017-05-01 12:31:06.907,40.38701908236883,-74.21796792281337,1.0,RAIN,20
8418,6001,2017-05-01 12:31:08.164,40.38701908236883,-74.21796792281337,1.0,RAIN,20
8419,6001,2017-05-01 12:31:09.334,40.38701908236883,-74.21796792281337,1.0,RAIN,20
8420,6001,2017-05-01 12:31:10.764,40.38701908236883,-74.21796792281337,1.0,RAIN,20
8421,6001,2017-05-01 12:31:11.975,40.38701908236883,-74.21796792281337,1.0,RAIN,20
8422,6001,2017-05-01 12:31:13.205,40.38701908236883,-74.21796792281337,1.0,RAIN,20
8423,6001,2017-05-01 12:31:14.404,40.38701908236883,-74.21796792281337,1.0,RAIN,20
8424,6001,2017-05-01 12:31:15.642,40.38701908236883,-74.21796792281337,1.0,RAIN,20
8425,6001,2017-05-01 12:31:16.847,40.38701908236883,-74.21796792281337,1.0,RAIN,20
8426,6001,2017-05-01 12:31:18.078,40.38701908236883,-74.21796792281337,1.0,RAIN,20
8427,6001,2017-05-01 12:31:19.257,40.38701908236883,-74.21796792281337,1.0,RAIN,20
8428,6001,2017-05-01 12:31:20.424,40.38701908236883,-74.21796792281337,1.0,RAIN,20
8429,6001,2017-05-01 12:31:21.614,40.38701908236883,-74.21796792281337,1.0,RAIN,20
8430,6001,2017-05-01 12:31:22.815,40.38701908236883,-74.21796792281337,1.0,RAIN,20
8431,6001,2017-05-01 12:31:24.024,40.38701908236883,-74.21796792281337,1.0,RAIN,20
8432,6001,2017-05-01 12:31:25.274,40.38701908236883,-74.21796792281337,1.0,RAIN,20
8433,6001,2017-05-01 12:31:26.454,40.38701908236883,-74.21796792281337,1.0,RAIN,20
8434,6001,2017-05-01 12:31:27.624,40.38701908236883,-74.21796792281337,1.0,RAIN,20
8435,6001,2017-05-01 12:31:30.077,40.38701908236883,-74.21796792281337,1.0,RAIN,20
8436,6001,2017-05-01 12:31:31.264,40.38701908236883,-74.21796792281337,1.0,RAIN,20
8437,6001,2017-05-01 12:31:33.695,40.38701908236883,-74.21796792281337,1.0,RAIN,20
8438,6001,2017-05-01 12:31:34.960,40.38701908236883,-74.21796792281337,1.0,RAIN,20
8439,6001,2017-05-01 12:31:37.382,40.38701908236883,-74.21796792281337,1.0,RAIN,20
8440,6001,2017-05-01 12:31:38.564,40.38701908236883,-74.21796792281337,1.0,RAIN,20
8441,6001,2017-05-01 12:31:39.744,40.38701908236883,-74.21796792281337,1.0,RAIN,20
8442,6001,2017-05-01 12:31:41.014,40.38701908236883,-74.21796792281337,1.0,RAIN,20
8443,6001,2017-05-01 12:31:42.254,40.38701908236883,-74.21796792281337,1.0,RAIN,20
8444,6001,2017-05-01 12:31:43.485,40.38701908236883,-74.21796792281337,1.0,RAIN,20
8445,6001,2017-05-01 12:31:44.675,40.38701908236883,-74.21796792281337,1.0,RAIN,20
8446,6001,2017-05-01 12:31:45.837,40.38701908236883,-74.21796792281337,1.0,RAIN,20
8447,6001,2017-05-01 12:31:46.992,40.38701908236883,-74.21796792281337,1.0,RAIN,20
8448,6001,2017-05-01 12:31:48.215,40.38701908236883,-74.21796792281337,1.0,RAIN,20
8449,6001,2017-05-01 12:31:49.425,40.38701908236883,-74.21796792281337,1.0,RAIN,20
8450,6001,2017-05-01 12:31:50.608,40.38701908236883,-74.21796792281337,1.0,RAIN,20
8451,6001,2017-05-01 12:31:51.802,40.38701908236883,-74.21796792281337,1.0,RAIN,20
8452,6001,2017-05-01 12:31:53.002,40.38701908236883,-74.21796792281337,1.0,RAIN,20
8453,6001,2017-05-01 12:31:54.199,40.38701908236883,-74.21796792281337,1.0,RAIN,20
8454,6001,2017-05-01 12:31:55.416,40.38701908236883,-74.21796792281337,1.0,RAIN,20
8455,6001,2017-05-01 12:31:56.626,40.38701908236883,-74.21796792281337,1.0,RAIN,20
8456,6001,2017-05-01 12:31:57.860,40.38701908236883,-74.21796792281337,1.0,RAIN,20
8457,6001,2017-05-01 12:31:59.077,40.38701908236883,-74.21796792281337,1.0,RAIN,20
8458,6001,2017-05-01 12:32:00.315,40.38701908236883,-74.21796792281337,1.0,RAIN,20
8459,6001,2017-05-01 12:32:01.534,40.38701908236883,-74.21796792281337,1.0,RAIN,20
8460,6001,2017-05-01 12:32:02.715,40.38701908236883,-74.21796792281337,1.0,RAIN,20
8461,6001,2017-05-01 12:32:03.968,40.38701908236883,-74.21796792281337,1.0,RAIN,20
8462,6001,2017-05-01 12:32:05.137,40.38701908236883,-74.21796792281337,1.0,RAIN,20
8463,6001,2017-05-01 12:32:06.330,40.38701908236883,-74.21796792281337,1.0,RAIN,20
8464,6001,2017-05-01 12:32:07.537,40.38701908236883,-74.21796792281337,1.0,RAIN,20
8465,6001,2017-05-01 12:32:08.750,40.38701908236883,-74.21796792281337,1.0,RAIN,20
8466,6001,2017-05-01 12:32:09.976,40.38701908236883,-74.21796792281337,1.0,RAIN,20
8467,6001,2017-05-01 12:32:11.185,40.38701908236883,-74.21796792281337,1.0,RAIN,20
8468,6001,2017-05-01 12:32:12.424,40.38701908236883,-74.21796792281337,1.0,RAIN,20
8469,6001,2017-05-01 12:32:13.635,40.38701908236883,-74.21796792281337,1.0,RAIN,20
8470,6001,2017-05-01 12:32:16.299,40.38701908236883,-74.21796792281337,1.0,RAIN,20
8471,6001,2017-05-01 12:32:17.465,40.38701908236883,-74.21796792281337,1.0,RAIN,20
8472,6001,2017-05-01 12:32:18.636,40.38701908236883,-74.21796792281337,1.0,RAIN,20
8473,6001,2017-05-01 12:32:19.852,40.38701908236883,-74.21796792281337,1.0,RAIN,20
8474,6001,2017-05-01 12:32:21.053,40.38701908236883,-74.21796792281337,1.0,RAIN,20
8475,6001,2017-05-01 12:32:22.255,40.38701908236883,-74.21796792281337,1.0,RAIN,20
8476,6001,2017-05-01 12:32:23.444,40.38701908236883,-74.21796792281337,1.0,RAIN,20
8477,6001,2017-05-01 12:32:24.643,40.38701908236883,-74.21796792281337,1.0,RAIN,20
8478,6001,2017-05-01 12:32:25.848,40.38701908236883,-74.21796792281337,1.0,RAIN,20
8479,6001,2017-05-01 12:32:28.286,40.38701908236883,-74.21796792281337,1.0,RAIN,20
8480,6001,2017-05-01 12:32:29.473,40.38701908236883,-74.21796792281337,1.0,RAIN,20
8481,6001,2017-05-01 12:32:30.644,40.38701908236883,-74.21796792281337,1.0,RAIN,20
8482,6001,2017-05-01 12:32:31.838,40.38701908236883,-74.21796792281337,1.0,RAIN,20
8483,6001,2017-05-01 12:32:33.037,40.38701908236883,-74.21796792281337,1.0,RAIN,20
8484,6001,2017-05-01 12:32:34.225,40.38701908236883,-74.21796792281337,1.0,RAIN,20
8485,6001,2017-05-01 12:32:35.417,40.38701908236883,-74.21796792281337,1.0,RAIN,20
8486,6001,2017-05-01 12:32:36.605,40.38701908236883,-74.21796792281337,1.0,RAIN,20
8487,6001,2017-05-01 12:32:37.814,40.38701908236883,-74.21796792281337,1.0,RAIN,20
8488,6001,2017-05-01 12:32:39.005,40.38701908236883,-74.21796792281337,1.0,RAIN,20
8489,6001,2017-05-01 12:32:40.251,40.38701908236883,-74.21796792281337,1.0,RAIN,20
8490,6001,2017-05-01 12:32:41.464,40.38701908236883,-74.21796792281337,1.0,RAIN,20
8491,6001,2017-05-01 12:32:42.636,40.38701908236883,-74.21796792281337,1.0,RAIN,20
8492,6001,2017-05-01 12:32:43.859,40.38701908236883,-74.21796792281337,1.0,RAIN,20
8493,6001,2017-05-01 12:32:45.115,40.38701908236883,-74.21796792281337,1.0,RAIN,20
8494,6001,2017-05-01 12:32:46.346,40.38701908236883,-74.21796792281337,1.0,RAIN,20
8495,6001,2017-05-01 12:32:47.533,40.38701908236883,-74.21796792281337,1.0,RAIN,20
8496,6001,2017-05-01 12:32:48.726,40.38701908236883,-74.21796792281337,1.0,RAIN,20
8497,6001,2017-05-01 12:32:49.915,40.38701908236883,-74.21796792281337,1.0,RAIN,20
8498,6001,2017-05-01 12:32:51.137,40.38701908236883,-74.21796792281337,1.0,RAIN,20
8499,6001,2017-05-01 12:32:52.314,40.38701908236883,-74.21796792281337,1.0,RAIN,20
8500,6001,2017-05-01 12:32:53.497,40.38701908236883,-74.21796792281337,1.0,RAIN,20
8501,6001,2017-05-01 12:32:54.732,40.38701908236883,-74.21796792281337,1.0,RAIN,20
8502,6001,2017-05-01 12:32:56.014,40.38701908236883,-74.21796792281337,1.0,RAIN,20
8503,6001,2017-05-01 12:32:57.206,40.38701908236883,-74.21796792281337,1.0,RAIN,20
8504,6001,2017-05-01 12:32:58.384,40.38701908236883,-74.21796792281337,1.0,RAIN,20
8505,6001,2017-05-01 12:32:59.563,40.38701908236883,-74.21796792281337,1.0,RAIN,20
8506,6001,2017-05-01 12:33:00.803,40.38701908236883,-74.21796792281337,1.0,RAIN,20
8507,6001,2017-05-01 12:33:02.042,40.38701908236883,-74.21796792281337,1.0,RAIN,20
8508,6001,2017-05-01 12:33:03.254,40.38701908236883,-74.21796792281337,1.0,RAIN,20
8509,6001,2017-05-01 12:33:04.464,40.38701908236883,-74.21796792281337,1.0,RAIN,20
8510,6001,2017-05-01 12:33:05.649,40.38701908236883,-74.21796792281337,1.0,RAIN,20
8511,6001,2017-05-01 12:33:06.843,40.38701908236883,-74.21796792281337,1.0,RAIN,20
8512,6001,2017-05-01 12:33:08.062,40.38701908236883,-74.21796792281337,1.0,RAIN,20
8513,6001,2017-05-01 12:33:09.325,40.38701908236883,-74.21796792281337,1.0,RAIN,20
8514,6001,2017-05-01 12:33:10.517,40.38701908236883,-74.21796792281337,1.0,RAIN,20
8515,6001,2017-05-01 12:33:11.706,40.38701908236883,-74.21796792281337,1.0,RAIN,20
8516,6001,2017-05-01 12:33:12.905,40.38701908236883,-74.21796792281337,1.0,RAIN,20
8517,6001,2017-05-01 12:33:14.116,40.38701908236883,-74.21796792281337,1.0,RAIN,20
8518,6001,2017-05-01 12:33:15.363,40.38701908236883,-74.21796792281337,1.0,RAIN,20
8519,6001,2017-05-01 12:33:16.548,40.38701908236883,-74.21796792281337,1.0,RAIN,20
8520,6001,2017-05-01 12:33:17.812,40.38701908236883,-74.21796792281337,1.0,RAIN,20
8521,6001,2017-05-01 12:33:19.072,40.38701908236883,-74.21796792281337,1.0,RAIN,20
8522,6001,2017-05-01 12:33:20.344,40.38701908236883,-74.21796792281337,1.0,RAIN,20
8523,6001,2017-05-01 12:33:21.544,40.38701908236883,-74.21796792281337,1.0,RAIN,20
8524,6001,2017-05-01 12:33:22.811,40.38701908236883,-74.21796792281337,1.0,RAIN,20
8525,6001,2017-05-01 12:33:24.048,40.38701908236883,-74.21796792281337,1.0,RAIN,20
8526,6001,2017-05-01 12:33:26.814,40.38701908236883,-74.21796792281337,1.0,RAIN,20
8527,6001,2017-05-01 12:33:27.946,40.38701908236883,-74.21796792281337,1.0,RAIN,20
8528,6001,2017-05-01 12:33:29.174,40.38701908236883,-74.21796792281337,1.0,RAIN,20
8529,6001,2017-05-01 12:33:30.374,40.38701908236883,-74.21796792281337,1.0,RAIN,20
8530,6001,2017-05-01 12:33:31.591,40.38701908236883,-74.21796792281337,1.0,RAIN,20
8531,6001,2017-05-01 12:33:32.818,40.38701908236883,-74.21796792281337,1.0,RAIN,20
8532,6001,2017-05-01 12:33:34.041,40.38701908236883,-74.21796792281337,1.0,RAIN,20
8533,6001,2017-05-01 12:33:35.280,40.38701908236883,-74.21796792281337,1.0,RAIN,20
8534,6001,2017-05-01 12:33:36.494,40.38701908236883,-74.21796792281337,1.0,RAIN,20
8535,6001,2017-05-01 12:33:37.685,40.38701908236883,-74.21796792281337,1.0,RAIN,20
8536,6001,2017-05-01 12:33:38.890,40.38701908236883,-74.21796792281337,1.0,RAIN,20
8537,6001,2017-05-01 12:33:40.130,40.38701908236883,-74.21796792281337,1.0,RAIN,20
8538,6001,2017-05-01 12:33:41.334,40.38701908236883,-74.21796792281337,1.0,RAIN,20
8539,6001,2017-05-01 12:33:42.504,40.38701908236883,-74.21796792281337,1.0,RAIN,20
8540,6001,2017-05-01 12:33:43.695,40.38701908236883,-74.21796792281337,1.0,RAIN,20
8541,6001,2017-05-01 12:33:44.838,40.38701908236883,-74.21796792281337,1.0,RAIN,20
8542,6001,2017-05-01 12:33:46.050,40.38701908236883,-74.21796792281337,1.0,RAIN,20
8543,6001,2017-05-01 12:33:47.344,40.38701908236883,-74.21796792281337,1.0,RAIN,20
8544,6001,2017-05-01 12:33:48.514,40.38701908236883,-74.21796792281337,1.0,RAIN,20
8545,6001,2017-05-01 12:33:49.707,40.38701908236883,-74.21796792281337,1.0,RAIN,20
8546,6001,2017-05-01 12:33:50.899,40.38701908236883,-74.21796792281337,1.0,RAIN,20
8547,6001,2017-05-01 12:33:52.087,40.38701908236883,-74.21796792281337,1.0,RAIN,20
8548,6001,2017-05-01 12:33:55.484,40.38701908236883,-74.21796792281337,1.0,RAIN,20
8549,6001,2017-05-01 12:33:58.174,40.38701908236883,-74.21796792281337,1.0,RAIN,20
8550,6001,2017-05-01 12:33:59.352,40.38701908236883,-74.21796792281337,1.0,RAIN,20
8551,6001,2017-05-01 12:34:00.532,40.38701908236883,-74.21796792281337,1.0,RAIN,20
8552,6001,2017-05-01 12:34:01.704,40.38701908236883,-74.21796792281337,1.0,RAIN,20
8553,6001,2017-05-01 12:34:02.906,40.38701908236883,-74.21796792281337,1.0,RAIN,20
8554,6001,2017-05-01 12:34:04.087,40.38701908236883,-74.21796792281337,1.0,RAIN,20
8555,6001,2017-05-01 12:34:05.535,40.38701908236883,-74.21796792281337,1.0,RAIN,20
8556,6001,2017-05-01 12:34:06.952,40.38701908236883,-74.21796792281337,1.0,RAIN,20
8557,6001,2017-05-01 12:34:08.117,40.38701908236883,-74.21796792281337,1.0,RAIN,20
8558,6001,2017-05-01 12:34:09.343,40.38701908236883,-74.21796792281337,1.0,RAIN,20
8559,6001,2017-05-01 12:34:10.556,40.38701908236883,-74.21796792281337,1.0,RAIN,20
8560,6001,2017-05-01 12:34:11.734,40.38701908236883,-74.21796792281337,1.0,RAIN,20
8561,6001,2017-05-01 12:34:12.948,40.38701908236883,-74.21796792281337,1.0,RAIN,20
8562,6001,2017-05-01 12:34:14.160,40.38701908236883,-74.21796792281337,1.0,RAIN,20
8563,6001,2017-05-01 12:34:15.339,40.38701908236883,-74.21796792281337,1.0,RAIN,20
8564,6001,2017-05-01 12:34:16.528,40.38701908236883,-74.21796792281337,1.0,RAIN,20
8565,6001,2017-05-01 12:34:17.723,40.38701424954763,-74.21795508575019,1.0,RAIN,20
8566,6001,2017-05-01 12:34:18.985,40.387008666774115,-74.21793100057407,1.0,RAIN,20
8567,6001,2017-05-01 12:34:20.200,40.38700107683819,-74.21791057499047,1.0,RAIN,20
8568,6001,2017-05-01 12:34:21.410,40.38696788074973,-74.21787426182284,1.0,RAIN,20
8569,6001,2017-05-01 12:34:22.617,40.3869486603977,-74.21785775610348,1.0,RAIN,20
8570,6001,2017-05-01 12:34:23.857,40.38693288171422,-74.21784512647594,1.0,RAIN,20
8571,6001,2017-05-01 12:34:25.335,40.38692445181524,-74.21783128420621,1.0,RAIN,20
8572,6001,2017-05-01 12:34:26.493,40.38691009772155,-74.21780618596863,1.0,RAIN,20
8573,6001,2017-05-01 12:34:27.635,40.38690198691309,-74.21777496028638,1.0,RAIN,20
8574,6001,2017-05-01 12:34:28.824,40.38690347009355,-74.21773036890492,1.0,RAIN,20
8575,6001,2017-05-01 12:34:30.036,40.386918893352075,-74.21768359632594,1.0,RAIN,20
8576,6001,2017-05-01 12:34:31.225,40.386942968826425,-74.21764543642108,1.0,RAIN,20
8577,6001,2017-05-01 12:34:32.370,40.38696692740807,-74.21758332333533,1.0,RAIN,20
8578,6001,2017-05-01 12:34:33.539,40.38696768104888,-74.21755422763485,1.0,RAIN,20
8579,6001,2017-05-01 12:34:34.709,40.38695385229941,-74.21751362337176,1.0,RAIN,20
8580,6001,2017-05-01 12:34:35.909,40.386928321894935,-74.21746736081151,1.0,RAIN,20
8581,6001,2017-05-01 12:34:37.071,40.386883508518615,-74.21741079933686,1.0,RAIN,20
8582,6001,2017-05-01 12:34:38.239,40.38681647447779,-74.21735321842631,1.0,RAIN,20
8583,6001,2017-05-01 12:34:39.419,40.38664810192397,-74.21720260936286,1.0,RAIN,20
8584,6001,2017-05-01 12:34:40.569,40.38655065091381,-74.21711294379023,1.0,RAIN,20
8585,6001,2017-05-01 12:34:41.720,40.38644538261468,-74.21701268745633,1.0,RAIN,20
8586,6001,2017-05-01 12:34:42.905,40.38633339323215,-74.21689998465145,1.0,RAIN,20
8587,6001,2017-05-01 12:34:44.072,40.38621664670464,-74.2167768736105,1.0,RAIN,20
8588,6001,2017-05-01 12:34:45.328,40.38609738112912,-74.21664393079786,1.0,RAIN,20
8589,6001,2017-05-01 12:34:46.441,40.38585980441368,-74.21635468560855,1.0,RAIN,20
8590,6001,2017-05-01 12:34:47.619,40.385744207443864,-74.21619939226863,1.0,RAIN,20
8591,6001,2017-05-01 12:34:48.802,40.38562858722177,-74.2160423136613,1.0,RAIN,20
8592,6001,2017-05-01 12:34:49.987,40.38551455942128,-74.2158752090367,1.0,RAIN,20
8593,6001,2017-05-01 12:34:51.189,40.38539664109602,-74.21570966118301,1.0,RAIN,20
8594,6001,2017-05-01 12:34:52.379,40.38516833153857,-74.21539626715003,1.0,RAIN,20
8595,6001,2017-05-01 12:34:53.559,40.385057416439636,-74.21524925368605,1.0,RAIN,20
8596,6001,2017-05-01 12:34:54.735,40.38495586119619,-74.21510512871032,1.0,RAIN,20
8597,6001,2017-05-01 12:34:55.901,40.38485611313394,-74.21496784981566,1.0,RAIN,20
8598,6001,2017-05-01 12:34:57.057,40.384760594952176,-74.21484006144831,1.0,RAIN,20
8599,6001,2017-05-01 12:34:58.200,40.38466322903064,-74.21471720685116,1.0,RAIN,20
8600,6001,2017-05-01 12:34:59.359,40.38449996235853,-74.21452250044109,1.0,RAIN,20
8601,6001,2017-05-01 12:35:00.519,40.384445495652656,-74.21446330252256,1.0,RAIN,20
8602,6001,2017-05-01 12:35:01.672,40.384388013460764,-74.21440551150313,1.0,RAIN,20
8603,6001,2017-05-01 12:35:02.861,40.3843428204361,-74.21435941295914,1.0,RAIN,20
8604,6001,2017-05-01 12:35:04.021,40.38430961507333,-74.21432165589184,1.0,RAIN,20
8605,6001,2017-05-01 12:35:05.187,40.384278596113205,-74.21428484370652,1.0,RAIN,20
8606,6001,2017-05-01 12:35:06.364,40.38422249636298,-74.21422641080451,1.0,RAIN,20
8607,6001,2017-05-01 12:35:07.519,40.38420712380928,-74.21420918738622,1.0,RAIN,20
8608,6001,2017-05-01 12:35:08.679,40.38420777079821,-74.21420594289594,1.0,RAIN,20
8609,6001,2017-05-01 12:35:09.842,40.38420777079821,-74.21420594289594,1.0,RAIN,20
8610,6001,2017-05-01 12:35:11.034,40.38420777079821,-74.21420594289594,1.0,RAIN,20
8611,6001,2017-05-01 12:35:12.200,40.38420777079821,-74.21420594289594,1.0,RAIN,20
8612,6001,2017-05-01 12:35:13.369,40.38420777079821,-74.21420594289594,1.0,RAIN,20
8613,6001,2017-05-01 12:35:14.513,40.38420777079821,-74.21420594289594,1.0,RAIN,20
8614,6001,2017-05-01 12:35:15.690,40.38420777079821,-74.21420594289594,1.0,RAIN,20
8615,6001,2017-05-01 12:35:16.862,40.38420777079821,-74.21420594289594,1.0,RAIN,20
8616,6001,2017-05-01 12:35:18.025,40.38420777079821,-74.21420594289594,1.0,RAIN,20
8617,6001,2017-05-01 12:35:19.199,40.38420777079821,-74.21420594289594,1.0,RAIN,20
8618,6001,2017-05-01 12:35:20.369,40.38420777079821,-74.21420594289594,1.0,RAIN,20
8619,6001,2017-05-01 12:35:21.549,40.38420777079821,-74.21420594289594,1.0,RAIN,20
8620,6001,2017-05-01 12:35:22.729,40.38420777079821,-74.21420594289594,1.0,RAIN,20
8621,6001,2017-05-01 12:35:23.882,40.38420777079821,-74.21420594289594,1.0,RAIN,20
8622,6001,2017-05-01 12:35:25.082,40.38420777079821,-74.21420594289594,1.0,RAIN,20
8623,6001,2017-05-01 12:35:26.249,40.38415211720423,-74.21414950867286,1.0,RAIN,20
8624,6001,2017-05-01 12:35:27.410,40.38406549036109,-74.2140666870549,1.0,RAIN,20
8625,6001,2017-05-01 12:35:28.579,40.3840001786656,-74.21400935477291,1.0,RAIN,20
8626,6001,2017-05-01 12:35:29.749,40.38392185825234,-74.21394090457109,1.0,RAIN,20
8627,6001,2017-05-01 12:35:30.909,40.383834331191345,-74.21386802686565,1.0,RAIN,20
8628,6001,2017-05-01 12:35:32.072,40.383736861265916,-74.21379159088356,1.0,RAIN,20
8629,6001,2017-05-01 12:35:33.220,40.38363787129135,-74.21371287111528,1.0,RAIN,20
8630,6001,2017-05-01 12:35:34.389,40.383420491252586,-74.2135443058542,1.0,RAIN,20
8631,6001,2017-05-01 12:35:35.572,40.38330289970382,-74.21344818439422,1.0,RAIN,20
8632,6001,2017-05-01 12:35:36.740,40.38317858883993,-74.21334280668758,1.0,RAIN,20
8633,6001,2017-05-01 12:35:37.916,40.38305138268846,-74.21324160477498,1.0,RAIN,20
8634,6001,2017-05-01 12:35:39.062,40.382926781321736,-74.21313886325244,1.0,RAIN,20
8635,6001,2017-05-01 12:35:40.250,40.38279160504143,-74.21302870925699,1.0,RAIN,20
8636,6001,2017-05-01 12:35:41.415,40.38250891010554,-74.21280049646194,1.0,RAIN,20
8637,6001,2017-05-01 12:35:42.619,40.38236616396925,-74.21268317828432,1.0,RAIN,20
8638,6001,2017-05-01 12:35:43.797,40.38222427298047,-74.2125651655091,1.0,RAIN,20
8639,6001,2017-05-01 12:35:44.990,40.38209137190916,-74.21245086263237,1.0,RAIN,20
8640,6001,2017-05-01 12:35:46.170,40.381965675526345,-74.21233887891475,1.0,RAIN,20
8641,6001,2017-05-01 12:35:47.329,40.38170820395617,-74.21211524251461,1.0,RAIN,20
8642,6001,2017-05-01 12:35:48.519,40.38157605434653,-74.21200191037342,1.0,RAIN,20
8643,6001,2017-05-01 12:35:49.689,40.38147320452835,-74.21191723298458,1.0,RAIN,20
8644,6001,2017-05-01 12:35:50.881,40.381383698660855,-74.21184215197775,1.0,RAIN,20
8645,6001,2017-05-01 12:35:52.057,40.381313133329144,-74.21178701423179,1.0,RAIN,20
8646,6001,2017-05-01 12:35:53.229,40.38125568264954,-74.21173899843956,1.0,RAIN,20
8647,6001,2017-05-01 12:35:54.379,40.38116490788982,-74.21165937965078,1.0,RAIN,20
8648,6001,2017-05-01 12:35:55.563,40.38113974753947,-74.21163540400701,1.0,RAIN,20
8649,6001,2017-05-01 12:35:56.739,40.381129328457796,-74.21162314491389,1.0,RAIN,20
8650,6001,2017-05-01 12:35:57.901,40.381129328457796,-74.21162314491389,1.0,RAIN,20
8651,6001,2017-05-01 12:35:59.061,40.381129328457796,-74.21162314491389,1.0,RAIN,20
8652,6001,2017-05-01 12:36:00.239,40.381129328457796,-74.21162314491389,1.0,RAIN,20
8653,6001,2017-05-01 12:36:01.410,40.381129328457796,-74.21162314491389,1.0,RAIN,20
8654,6001,2017-05-01 12:36:02.601,40.381129328457796,-74.21162314491389,1.0,RAIN,20
8655,6001,2017-05-01 12:36:03.810,40.381129328457796,-74.21162314491389,1.0,RAIN,20
8656,6001,2017-05-01 12:36:04.983,40.381129328457796,-74.21162314491389,1.0,RAIN,20
8657,6001,2017-05-01 12:36:06.152,40.381129328457796,-74.21162314491389,1.0,RAIN,20
8658,6001,2017-05-01 12:36:07.329,40.381129328457796,-74.21162314491389,1.0,RAIN,20
8659,6001,2017-05-01 12:36:08.499,40.381129328457796,-74.21162314491389,1.0,RAIN,20
8660,6001,2017-05-01 12:36:09.702,40.381129328457796,-74.21162314491389,1.0,RAIN,20
8661,6001,2017-05-01 12:36:10.892,40.381129328457796,-74.21162314491389,1.0,RAIN,20
8662,6001,2017-05-01 12:36:12.082,40.381129328457796,-74.21162314491389,1.0,RAIN,20
8663,6001,2017-05-01 12:36:13.299,40.381129328457796,-74.21162314491389,1.0,RAIN,20
8664,6001,2017-05-01 12:36:14.459,40.381129328457796,-74.21162314491389,1.0,RAIN,20
8665,6001,2017-05-01 12:36:15.610,40.381129328457796,-74.21162314491389,1.0,RAIN,20
8666,6001,2017-05-01 12:36:16.813,40.381129328457796,-74.21162314491389,1.0,RAIN,20
8667,6001,2017-05-01 12:36:17.991,40.381129328457796,-74.21162314491389,1.0,RAIN,20
8668,6001,2017-05-01 12:36:19.181,40.381129328457796,-74.21162314491389,1.0,RAIN,20
8669,6001,2017-05-01 12:36:20.369,40.381129328457796,-74.21162314491389,1.0,RAIN,20
8670,6001,2017-05-01 12:36:21.549,40.381129328457796,-74.21162314491389,1.0,RAIN,20
8671,6001,2017-05-01 12:36:22.700,40.381129328457796,-74.21162314491389,1.0,RAIN,20
8672,6001,2017-05-01 12:36:23.846,40.38103356884143,-74.21149791098624,1.0,RAIN,20
8673,6001,2017-05-01 12:36:25.000,40.380982736845,-74.2114505456819,1.0,RAIN,20
8674,6001,2017-05-01 12:36:26.179,40.380924497580175,-74.21139836093886,1.0,RAIN,20
8675,6001,2017-05-01 12:36:27.360,40.380759038143985,-74.2112538829545,1.0,RAIN,20
8676,6001,2017-05-01 12:36:28.529,40.38066174681091,-74.21117221220709,1.0,RAIN,20
8677,6001,2017-05-01 12:36:29.727,40.38055348364506,-74.21108370905343,1.0,RAIN,20
8678,6001,2017-05-01 12:36:30.899,40.380434186167626,-74.2109889865616,1.0,RAIN,20
8679,6001,2017-05-01 12:36:32.061,40.38029269132686,-74.21088342582064,1.0,RAIN,20
8680,6001,2017-05-01 12:36:33.229,40.380161370935916,-74.21077830589813,1.0,RAIN,20
8681,6001,2017-05-01 12:36:34.389,40.379878592393645,-74.21054717545744,1.0,RAIN,20
8682,6001,2017-05-01 12:36:35.537,40.379732629936655,-74.21043139689777,1.0,RAIN,20
8683,6001,2017-05-01 12:36:36.709,40.37957774252948,-74.21031172261773,1.0,RAIN,20
8684,6001,2017-05-01 12:36:37.886,40.37942044728895,-74.21019092655892,1.0,RAIN,20
8685,6001,2017-05-01 12:36:39.082,40.37925999849191,-74.21006572930766,1.0,RAIN,20
8686,6001,2017-05-01 12:36:40.284,40.37909175731412,-74.20992276581168,1.0,RAIN,20
8687,6001,2017-05-01 12:36:41.460,40.378761555920114,-74.20962729977028,1.0,RAIN,20
8688,6001,2017-05-01 12:36:42.572,40.37859754474598,-74.2094661486761,1.0,RAIN,20
8689,6001,2017-05-01 12:36:43.760,40.37844234464961,-74.20929527549326,1.0,RAIN,20
8690,6001,2017-05-01 12:36:44.921,40.37829759375589,-74.20911776948542,1.0,RAIN,20
8691,6001,2017-05-01 12:36:46.091,40.37815592083022,-74.20893193446155,1.0,RAIN,20
8692,6001,2017-05-01 12:36:47.301,40.378014643908465,-74.2087449580852,1.0,RAIN,20
8693,6001,2017-05-01 12:36:48.469,40.37774163427907,-74.20836021322523,1.0,RAIN,20
8694,6001,2017-05-01 12:36:49.647,40.37760234256141,-74.20816687656789,1.0,RAIN,20
8695,6001,2017-05-01 12:36:50.823,40.37746549936157,-74.20797619584226,1.0,RAIN,20
8696,6001,2017-05-01 12:36:52.037,40.37732423403224,-74.2077837358342,1.0,RAIN,20
8697,6001,2017-05-01 12:36:53.229,40.37717479794611,-74.2075826694788,1.0,RAIN,20
8698,6001,2017-05-01 12:36:54.410,40.376873086804906,-74.2071826331522,1.0,RAIN,20
8699,6001,2017-05-01 12:36:55.609,40.37672900060307,-74.20699270561393,1.0,RAIN,20
8700,6001,2017-05-01 12:36:56.812,40.376584493473594,-74.206791242296,1.0,RAIN,20
8701,6001,2017-05-01 12:36:57.980,40.37643989210704,-74.20658801639588,1.0,RAIN,20
8702,6001,2017-05-01 12:36:59.168,40.37629787204379,-74.20638598184907,1.0,RAIN,20
8703,6001,2017-05-01 12:37:00.319,40.37614987930066,-74.20618482478804,1.0,RAIN,20
8704,6001,2017-05-01 12:37:01.520,40.37583613128187,-74.2057743476692,1.0,RAIN,20
8705,6001,2017-05-01 12:37:02.702,40.375672727316044,-74.2055729974241,1.0,RAIN,20
8706,6001,2017-05-01 12:37:03.892,40.375518797464274,-74.20536286338225,1.0,RAIN,20
8707,6001,2017-05-01 12:37:05.082,40.375373080785515,-74.20515594485626,1.0,RAIN,20
8708,6001,2017-05-01 12:37:06.259,40.37523311982106,-74.20495453801934,1.0,RAIN,20
8709,6001,2017-05-01 12:37:07.443,40.37494872346466,-74.20455624566138,1.0,RAIN,20
8710,6001,2017-05-01 12:37:08.640,40.374802951795,-74.20436333819808,1.0,RAIN,20
8711,6001,2017-05-01 12:37:09.819,40.374657136600426,-74.20417118732249,1.0,RAIN,20
8712,6001,2017-05-01 12:37:10.979,40.37450706490977,-74.2039764827443,1.0,RAIN,20
8713,6001,2017-05-01 12:37:12.169,40.374357897819074,-74.20380062863045,1.0,RAIN,20
8714,6001,2017-05-01 12:37:13.329,40.37420468343355,-74.20363541552948,1.0,RAIN,20
8715,6001,2017-05-01 12:37:14.508,40.37386997534092,-74.20332332581941,1.0,RAIN,20
8716,6001,2017-05-01 12:37:15.679,40.37369897309423,-74.20318489900156,1.0,RAIN,20
8717,6001,2017-05-01 12:37:16.863,40.373531460469614,-74.2030488593487,1.0,RAIN,20
8718,6001,2017-05-01 12:37:18.036,40.37335550082186,-74.20290545565686,1.0,RAIN,20
8719,6001,2017-05-01 12:37:19.198,40.373181440571024,-74.20276365892097,1.0,RAIN,20
8720,6001,2017-05-01 12:37:20.389,40.37282600831516,-74.20247878331513,1.0,RAIN,20
8721,6001,2017-05-01 12:37:21.539,40.37263964560336,-74.202327966426,1.0,RAIN,20
8722,6001,2017-05-01 12:37:22.709,40.37245561133925,-74.20217888428046,1.0,RAIN,20
8723,6001,2017-05-01 12:37:23.881,40.37227508760307,-74.20203102720214,1.0,RAIN,20
8724,6001,2017-05-01 12:37:25.071,40.37209424822072,-74.20188377552986,1.0,RAIN,20
8725,6001,2017-05-01 12:37:26.220,40.37191163517106,-74.20173378931058,1.0,RAIN,20
8726,6001,2017-05-01 12:37:27.378,40.371552283867786,-74.20144130395761,1.0,RAIN,20
8727,6001,2017-05-01 12:37:28.529,40.371377429239786,-74.20129656997648,1.0,RAIN,20
8728,6001,2017-05-01 12:37:29.709,40.37120545094213,-74.20115589935027,1.0,RAIN,20
8729,6001,2017-05-01 12:37:30.891,40.37103662878735,-74.20101690980009,1.0,RAIN,20
8730,6001,2017-05-01 12:37:32.081,40.37086655200598,-74.20087786683783,1.0,RAIN,20
8731,6001,2017-05-01 12:37:33.259,40.370696434563975,-74.20074402124115,1.0,RAIN,20
8732,6001,2017-05-01 12:37:34.409,40.37036333630102,-74.20048425262756,1.0,RAIN,20
8733,6001,2017-05-01 12:37:35.580,40.370191566540214,-74.2003525455634,1.0,RAIN,20
8734,6001,2017-05-01 12:37:36.749,40.37002214598481,-74.20021823370774,1.0,RAIN,20
8735,6001,2017-05-01 12:37:37.911,40.36985058770582,-74.20008127943929,1.0,RAIN,20
8736,6001,2017-05-01 12:37:39.082,40.36968362982648,-74.19994960889441,1.0,RAIN,20
8737,6001,2017-05-01 12:37:40.322,40.36950932268092,-74.19981183066734,1.0,RAIN,20
8738,6001,2017-05-01 12:37:41.433,40.36915620116875,-74.19953653625039,1.0,RAIN,20
8739,6001,2017-05-01 12:37:42.564,40.36897097467429,-74.19939312280593,1.0,RAIN,20
8740,6001,2017-05-01 12:37:43.750,40.368791605650635,-74.19925506086877,1.0,RAIN,20
8741,6001,2017-05-01 12:37:44.940,40.368611089725086,-74.19911703100807,1.0,RAIN,20
8742,6001,2017-05-01 12:37:46.101,40.36843344534144,-74.19897866496291,1.0,RAIN,20
8743,6001,2017-05-01 12:37:47.291,40.36825706143536,-74.19883523610469,1.0,RAIN,20
8744,6001,2017-05-01 12:37:48.459,40.367895136801636,-74.19853852714205,1.0,RAIN,20
8745,6001,2017-05-01 12:37:49.634,40.36771405870462,-74.19839156140675,1.0,RAIN,20
8746,6001,2017-05-01 12:37:50.822,40.367536982991915,-74.19824187736421,1.0,RAIN,20
8747,6001,2017-05-01 12:37:52.001,40.3673578908925,-74.19809228189861,1.0,RAIN,20
8748,6001,2017-05-01 12:37:53.214,40.36716846116088,-74.19793780605242,1.0,RAIN,20
8749,6001,2017-05-01 12:37:54.379,40.36679341823555,-74.19763194789181,1.0,RAIN,20
8750,6001,2017-05-01 12:37:55.549,40.36661079619942,-74.19748424401388,1.0,RAIN,20
8751,6001,2017-05-01 12:37:56.730,40.36643716333553,-74.19733565006335,1.0,RAIN,20
8752,6001,2017-05-01 12:37:57.901,40.366262335860426,-74.19718616195698,1.0,RAIN,20
8753,6001,2017-05-01 12:37:59.073,40.366094026628154,-74.19704219071173,1.0,RAIN,20
8754,6001,2017-05-01 12:38:00.258,40.36593161391326,-74.19691545403775,1.0,RAIN,20
8755,6001,2017-05-01 12:38:01.419,40.365611375141675,-74.19667140933431,1.0,RAIN,20
8756,6001,2017-05-01 12:38:02.579,40.36545306060478,-74.19656155399653,1.0,RAIN,20
8757,6001,2017-05-01 12:38:03.763,40.36529355615092,-74.19645820471804,1.0,RAIN,20
8758,6001,2017-05-01 12:38:04.939,40.365136624770145,-74.19635557411381,1.0,RAIN,20
8759,6001,2017-05-01 12:38:06.125,40.364975680616126,-74.19625865065817,1.0,RAIN,20
8760,6001,2017-05-01 12:38:07.299,40.36480498997505,-74.19615068918165,1.0,RAIN,20
8761,6001,2017-05-01 12:38:08.469,40.364460757362615,-74.19593424502078,1.0,RAIN,20
8762,6001,2017-05-01 12:38:09.650,40.364286227808186,-74.19583286642067,1.0,RAIN,20
8763,6001,2017-05-01 12:38:10.832,40.36410720100557,-74.1957396497282,1.0,RAIN,20
8764,6001,2017-05-01 12:38:12.042,40.363926253942864,-74.19565363889468,1.0,RAIN,20
8765,6001,2017-05-01 12:38:13.220,40.36374127175288,-74.19557377241689,1.0,RAIN,20
8766,6001,2017-05-01 12:38:14.429,40.363362272676994,-74.19543015965847,1.0,RAIN,20
8767,6001,2017-05-01 12:38:15.619,40.36317247988762,-74.19537036965798,1.0,RAIN,20
8768,6001,2017-05-01 12:38:16.824,40.36297780694098,-74.19530979399205,1.0,RAIN,20
8769,6001,2017-05-01 12:38:17.975,40.36278415783796,-74.19524811863646,1.0,RAIN,20
8770,6001,2017-05-01 12:38:19.150,40.36258945581238,-74.19518519987939,1.0,RAIN,20
8771,6001,2017-05-01 12:38:20.329,40.362386605846766,-74.19512838770522,1.0,RAIN,20
8772,6001,2017-05-01 12:38:21.469,40.36198103193605,-74.1950331647359,1.0,RAIN,20
8773,6001,2017-05-01 12:38:22.640,40.36178714934085,-74.19499764947076,1.0,RAIN,20
8774,6001,2017-05-01 12:38:23.822,40.361589509735495,-74.19496516576368,1.0,RAIN,20
8775,6001,2017-05-01 12:38:25.000,40.36138529913119,-74.19494108423989,1.0,RAIN,20
8776,6001,2017-05-01 12:38:26.182,40.36118398685247,-74.19491574338117,1.0,RAIN,20
8777,6001,2017-05-01 12:38:27.369,40.3607758515146,-74.19488540623716,1.0,RAIN,20
8778,6001,2017-05-01 12:38:28.591,40.36056770446159,-74.19487710458316,1.0,RAIN,20
8779,6001,2017-05-01 12:38:29.790,40.36035851191466,-74.1948779578196,1.0,RAIN,20
8780,6001,2017-05-01 12:38:30.980,40.36015144322789,-74.19487700353298,1.0,RAIN,20
8781,6001,2017-05-01 12:38:32.210,40.359945635692505,-74.1948826623024,1.0,RAIN,20
8782,6001,2017-05-01 12:38:33.410,40.35951878814557,-74.19489798347826,1.0,RAIN,20
8783,6001,2017-05-01 12:38:34.599,40.3593018001909,-74.19490727217084,1.0,RAIN,20
8784,6001,2017-05-01 12:38:35.786,40.359083945018504,-74.1949159472834,1.0,RAIN,20
8785,6001,2017-05-01 12:38:36.990,40.35886253544138,-74.19492351491452,1.0,RAIN,20
8786,6001,2017-05-01 12:38:38.160,40.35864063353136,-74.19493117636796,1.0,RAIN,20
8787,6001,2017-05-01 12:38:39.330,40.35841918777995,-74.19493890214925,1.0,RAIN,20
8788,6001,2017-05-01 12:38:40.511,40.35797696979567,-74.19495870128567,1.0,RAIN,20
8789,6001,2017-05-01 12:38:41.651,40.357754288740175,-74.19496876579056,1.0,RAIN,20
8790,6001,2017-05-01 12:38:42.763,40.35753730908555,-74.19497344214544,1.0,RAIN,20
8791,6001,2017-05-01 12:38:43.887,40.3573311940312,-74.19497991090834,1.0,RAIN,20
8792,6001,2017-05-01 12:38:45.071,40.35713271243215,-74.19498841242853,1.0,RAIN,20
8793,6001,2017-05-01 12:38:46.281,40.356940725025,-74.19499700922893,1.0,RAIN,20
8794,6001,2017-05-01 12:38:47.450,40.35655856393627,-74.19501750668036,1.0,RAIN,20
8795,6001,2017-05-01 12:38:48.609,40.356370149661096,-74.19502510974131,1.0,RAIN,20
8796,6001,2017-05-01 12:38:49.824,40.35618106494736,-74.19503215436904,1.0,RAIN,20
8797,6001,2017-05-01 12:38:50.942,40.355986689466626,-74.19503655822355,1.0,RAIN,20
8798,6001,2017-05-01 12:38:52.100,40.35579323295308,-74.19503777143586,1.0,RAIN,20
8799,6001,2017-05-01 12:38:53.280,40.35559883394081,-74.19504148254835,1.0,RAIN,20
8800,6001,2017-05-01 12:38:54.450,40.355201616279174,-74.19505497352762,1.0,RAIN,20
8801,6001,2017-05-01 12:38:55.581,40.3550036467093,-74.19506420436555,1.0,RAIN,20
8802,6001,2017-05-01 12:38:56.791,40.35480369657541,-74.19507421982382,1.0,RAIN,20
8803,6001,2017-05-01 12:38:58.017,40.35459949478308,-74.19508200738235,1.0,RAIN,20
8804,6001,2017-05-01 12:38:59.180,40.354391898055155,-74.19508840832316,1.0,RAIN,20
8805,6001,2017-05-01 12:39:00.385,40.35397634877005,-74.195106100417,1.0,RAIN,20
8806,6001,2017-05-01 12:39:01.570,40.35376614777138,-74.19511435071651,1.0,RAIN,20
8807,6001,2017-05-01 12:39:02.730,40.35355713924094,-74.19512368557719,1.0,RAIN,20
8808,6001,2017-05-01 12:39:03.901,40.3533473324145,-74.19513369670997,1.0,RAIN,20
8809,6001,2017-05-01 12:39:05.082,40.353137076870155,-74.1951438014094,1.0,RAIN,20
8810,6001,2017-05-01 12:39:06.280,40.352925757110924,-74.19515349163022,1.0,RAIN,20
8811,6001,2017-05-01 12:39:07.489,40.352504360091096,-74.19517034640428,1.0,RAIN,20
8812,6001,2017-05-01 12:39:08.669,40.35229354567659,-74.19517748177086,1.0,RAIN,20
8813,6001,2017-05-01 12:39:09.909,40.3520815988515,-74.19518460939986,1.0,RAIN,20
8814,6001,2017-05-01 12:39:11.116,40.35186966561648,-74.19519223542122,1.0,RAIN,20
8815,6001,2017-05-01 12:39:12.299,40.35165744453351,-74.19519976684536,1.0,RAIN,20
8816,6001,2017-05-01 12:39:13.483,40.35144690928479,-74.19520477815193,1.0,RAIN,20
8817,6001,2017-05-01 12:39:14.684,40.351022509881695,-74.19521815871354,1.0,RAIN,20
8818,6001,2017-05-01 12:39:15.881,40.350809470700504,-74.1952272942783,1.0,RAIN,20
8819,6001,2017-05-01 12:39:17.100,40.350592397977394,-74.19523432489747,1.0,RAIN,20
8820,6001,2017-05-01 12:39:18.300,40.35037622449603,-74.19524129641016,1.0,RAIN,20
8821,6001,2017-05-01 12:39:19.449,40.349937652448254,-74.19525650473204,1.0,RAIN,20
8822,6001,2017-05-01 12:39:20.599,40.34972024009618,-74.19526493571658,1.0,RAIN,20
8823,6001,2017-05-01 12:39:21.810,40.34950129281626,-74.19527390823964,1.0,RAIN,20
8824,6001,2017-05-01 12:39:23.029,40.349281639009405,-74.1952816758591,1.0,RAIN,20
8825,6001,2017-05-01 12:39:24.168,40.34906227863131,-74.19528956745195,1.0,RAIN,20
8826,6001,2017-05-01 12:39:25.359,40.348626266644864,-74.19530532785656,1.0,RAIN,20
8827,6001,2017-05-01 12:39:26.569,40.348410116376535,-74.19531474219669,1.0,RAIN,20
8828,6001,2017-05-01 12:39:27.739,40.34819354895701,-74.19532307089428,1.0,RAIN,20
8829,6001,2017-05-01 12:39:28.930,40.347977935487904,-74.19533103841133,1.0,RAIN,20
8830,6001,2017-05-01 12:39:30.111,40.34776412698512,-74.19533917679338,1.0,RAIN,20
8831,6001,2017-05-01 12:39:31.319,40.34755021485822,-74.19535226261662,1.0,RAIN,20
8832,6001,2017-05-01 12:39:32.519,40.34713228919374,-74.19536634764565,1.0,RAIN,20
8833,6001,2017-05-01 12:39:33.699,40.346924485624754,-74.1953836831268,1.0,RAIN,20
8834,6001,2017-05-01 12:39:34.884,40.34671661840834,-74.19539814130898,1.0,RAIN,20
8835,6001,2017-05-01 12:39:36.071,40.34652070197893,-74.1954094568697,1.0,RAIN,20
8836,6001,2017-05-01 12:39:37.281,40.346324900309625,-74.19541923807222,1.0,RAIN,20
8837,6001,2017-05-01 12:39:38.449,40.34594460272091,-74.19543279529618,1.0,RAIN,20
8838,6001,2017-05-01 12:39:39.629,40.34576019559582,-74.19543660665124,1.0,RAIN,20
8839,6001,2017-05-01 12:39:40.807,40.34557683625468,-74.1954405786344,1.0,RAIN,20
8840,6001,2017-05-01 12:39:41.990,40.34538371687417,-74.19544782191468,1.0,RAIN,20
8841,6001,2017-05-01 12:39:43.209,40.34518767018065,-74.1954518812277,1.0,RAIN,20
8842,6001,2017-05-01 12:39:44.409,40.344781103952585,-74.19546962613862,1.0,RAIN,20
8843,6001,2017-05-01 12:39:45.607,40.344596447190064,-74.19547165853977,1.0,RAIN,20
8844,6001,2017-05-01 12:39:46.807,40.34440827057061,-74.19547815007863,1.0,RAIN,20
8845,6001,2017-05-01 12:39:47.971,40.344210765491056,-74.19548459131582,1.0,RAIN,20
8846,6001,2017-05-01 12:39:49.151,40.344009088507185,-74.1954917391126,1.0,RAIN,20
8847,6001,2017-05-01 12:39:50.331,40.343815153050336,-74.19549552810457,1.0,RAIN,20
8848,6001,2017-05-01 12:39:51.543,40.343428880908746,-74.19548566359411,1.0,RAIN,20
8849,6001,2017-05-01 12:39:52.739,40.34323578412196,-74.19547469930075,1.0,RAIN,20
8850,6001,2017-05-01 12:39:53.936,40.3430501772617,-74.19545757521092,1.0,RAIN,20
8851,6001,2017-05-01 12:39:55.120,40.342856423269716,-74.19543893196823,1.0,RAIN,20
8852,6001,2017-05-01 12:39:56.331,40.342670040165046,-74.19541671619572,1.0,RAIN,20
8853,6001,2017-05-01 12:39:57.521,40.34229219656411,-74.19539772524519,1.0,RAIN,20
8854,6001,2017-05-01 12:39:58.709,40.34210561560213,-74.19537448015242,1.0,RAIN,20
8855,6001,2017-05-01 12:39:59.904,40.34191522046269,-74.19534906214017,1.0,RAIN,20
8856,6001,2017-05-01 12:40:01.091,40.34173361644158,-74.19532443730041,1.0,RAIN,20
8857,6001,2017-05-01 12:40:02.289,40.34155155386194,-74.19530689123376,1.0,RAIN,20
8858,6001,2017-05-01 12:40:03.463,40.34115554468907,-74.19524320043823,1.0,RAIN,20
8859,6001,2017-05-01 12:40:04.629,40.340967229199,-74.1952129992088,1.0,RAIN,20
8860,6001,2017-05-01 12:40:05.830,40.340781311829325,-74.19517290943162,1.0,RAIN,20
8861,6001,2017-05-01 12:40:07.017,40.34060133093115,-74.19513583408013,1.0,RAIN,20
8862,6001,2017-05-01 12:40:08.186,40.34043141372821,-74.19510675686392,1.0,RAIN,20
8863,6001,2017-05-01 12:40:09.399,40.34007983539368,-74.19503267120346,1.0,RAIN,20
8864,6001,2017-05-01 12:40:10.579,40.33991076575282,-74.19497634229349,1.0,RAIN,20
8865,6001,2017-05-01 12:40:11.793,40.33973214237771,-74.19491667660456,1.0,RAIN,20
8866,6001,2017-05-01 12:40:13.000,40.339553383302565,-74.19486708592909,1.0,RAIN,20
8867,6001,2017-05-01 12:40:14.220,40.33939371162745,-74.19482723313831,1.0,RAIN,20
8868,6001,2017-05-01 12:40:15.410,40.33906126246432,-74.1947369216952,1.0,RAIN,20
8869,6001,2017-05-01 12:40:16.599,40.33889722507184,-74.19468808603722,1.0,RAIN,20
8870,6001,2017-05-01 12:40:17.804,40.33873350118143,-74.1946357305655,1.0,RAIN,20
8871,6001,2017-05-01 12:40:18.982,40.3385762921402,-74.19458788118258,1.0,RAIN,20
8872,6001,2017-05-01 12:40:20.121,40.338435288228894,-74.1945471368111,1.0,RAIN,20
8873,6001,2017-05-01 12:40:21.320,40.3383107541126,-74.19450758401517,1.0,RAIN,20
8874,6001,2017-05-01 12:40:22.533,40.33813268936853,-74.19444736341839,1.0,RAIN,20
8875,6001,2017-05-01 12:40:23.667,40.33807764072674,-74.19443906413652,1.0,RAIN,20
8876,6001,2017-05-01 12:40:24.866,40.33804861831066,-74.19446093837871,1.0,RAIN,20
8877,6001,2017-05-01 12:40:26.039,40.33803058907823,-74.19449760181048,1.0,RAIN,20
8878,6001,2017-05-01 12:40:27.197,40.33800913899868,-74.19455965078338,1.0,RAIN,20
8879,6001,2017-05-01 12:40:28.339,40.33799024170144,-74.1946262010744,1.0,RAIN,20
8880,6001,2017-05-01 12:40:29.479,40.33792933305433,-74.19489150550132,1.0,RAIN,20
8881,6001,2017-05-01 12:40:30.649,40.337906053299804,-74.1950147930153,1.0,RAIN,20
8882,6001,2017-05-01 12:40:31.832,40.33787959256549,-74.19515627766937,1.0,RAIN,20
8883,6001,2017-05-01 12:40:33.039,40.33785885636247,-74.19531647601946,1.0,RAIN,20
8884,6001,2017-05-01 12:40:34.221,40.33783831499944,-74.19548644317719,1.0,RAIN,20
8885,6001,2017-05-01 12:40:35.369,40.3378325223845,-74.19584304065619,1.0,RAIN,20
8886,6001,2017-05-01 12:40:36.542,40.337844163047535,-74.19603403568458,1.0,RAIN,20
8887,6001,2017-05-01 12:40:37.727,40.33786693447518,-74.19621161308454,1.0,RAIN,20
8888,6001,2017-05-01 12:40:38.906,40.337899842561534,-74.19639064843967,1.0,RAIN,20
8889,6001,2017-05-01 12:40:40.071,40.33796341689616,-74.19653995204442,1.0,RAIN,20
8890,6001,2017-05-01 12:40:41.275,40.33802951604872,-74.19670350781638,1.0,RAIN,20
8891,6001,2017-05-01 12:40:42.440,40.33815143184108,-74.19702532038674,1.0,RAIN,20
8892,6001,2017-05-01 12:40:43.669,40.33820084727752,-74.19716826691484,1.0,RAIN,20
8893,6001,2017-05-01 12:40:44.839,40.33825731701963,-74.19733567621257,1.0,RAIN,20
8894,6001,2017-05-01 12:40:45.995,40.33827509356036,-74.19750057621191,1.0,RAIN,20
8895,6001,2017-05-01 12:40:47.165,40.33828770540644,-74.19767890935282,1.0,RAIN,20
8896,6001,2017-05-01 12:40:48.334,40.338284857675056,-74.1978457613896,1.0,RAIN,20
8897,6001,2017-05-01 12:40:49.479,40.338264265525545,-74.19822277648959,1.0,RAIN,20
8898,6001,2017-05-01 12:40:50.634,40.33824523067493,-74.1984310796885,1.0,RAIN,20
8899,6001,2017-05-01 12:40:51.819,40.338222397319754,-74.19863644614905,1.0,RAIN,20
8900,6001,2017-05-01 12:40:53.003,40.33819720725029,-74.19883686698311,1.0,RAIN,20
8901,6001,2017-05-01 12:40:54.157,40.33816743133342,-74.19902827676734,1.0,RAIN,20
8902,6001,2017-05-01 12:40:55.334,40.33813670678544,-74.19923719493886,1.0,RAIN,20
8903,6001,2017-05-01 12:40:56.514,40.33806345525761,-74.19962924848016,1.0,RAIN,20
8904,6001,2017-05-01 12:40:57.655,40.33802340832773,-74.1998428041541,1.0,RAIN,20
8905,6001,2017-05-01 12:40:58.821,40.33798600035254,-74.20004030608882,1.0,RAIN,20
8906,6001,2017-05-01 12:40:59.985,40.33794528406074,-74.2002399425565,1.0,RAIN,20
8907,6001,2017-05-01 12:41:01.167,40.33790607165974,-74.20044212174462,1.0,RAIN,20
8908,6001,2017-05-01 12:41:02.354,40.33786857400581,-74.20064586640383,1.0,RAIN,20
8909,6001,2017-05-01 12:41:03.523,40.33781110773116,-74.2010303663472,1.0,RAIN,20
8910,6001,2017-05-01 12:41:04.684,40.33778526537145,-74.20120598348562,1.0,RAIN,20
8911,6001,2017-05-01 12:41:05.838,40.33776537391364,-74.20138208823654,1.0,RAIN,20
8912,6001,2017-05-01 12:41:07.031,40.33774845227744,-74.20156990522493,1.0,RAIN,20
8913,6001,2017-05-01 12:41:08.214,40.33773720493382,-74.20175162476504,1.0,RAIN,20
8914,6001,2017-05-01 12:41:09.374,40.3377462617071,-74.20216158939421,1.0,RAIN,20
8915,6001,2017-05-01 12:41:10.554,40.3377632669391,-74.2023770682663,1.0,RAIN,20
8916,6001,2017-05-01 12:41:11.716,40.3377857230202,-74.20259585263406,1.0,RAIN,20
8917,6001,2017-05-01 12:41:12.899,40.33780990412583,-74.20281218157065,1.0,RAIN,20
8918,6001,2017-05-01 12:41:14.106,40.3378388019458,-74.20303863168098,1.0,RAIN,20
8919,6001,2017-05-01 12:41:15.260,40.337869638530904,-74.20327517593208,1.0,RAIN,20
8920,6001,2017-05-01 12:41:16.466,40.33793883075723,-74.20368909026712,1.0,RAIN,20
8921,6001,2017-05-01 12:41:17.614,40.33797101765353,-74.20388187914159,1.0,RAIN,20
8922,6001,2017-05-01 12:41:18.782,40.338003011740895,-74.2040655459652,1.0,RAIN,20
8923,6001,2017-05-01 12:41:19.955,40.33803030218835,-74.20424157975985,1.0,RAIN,20
8924,6001,2017-05-01 12:41:21.125,40.338049980396875,-74.2044246802845,1.0,RAIN,20
8925,6001,2017-05-01 12:41:22.255,40.338062457328746,-74.20462439798393,1.0,RAIN,20
8926,6001,2017-05-01 12:41:23.406,40.33807066244703,-74.20505595715852,1.0,RAIN,20
8927,6001,2017-05-01 12:41:24.554,40.33807132865389,-74.20525492483203,1.0,RAIN,20
8928,6001,2017-05-01 12:41:25.718,40.33806359591005,-74.20544896582058,1.0,RAIN,20
8929,6001,2017-05-01 12:41:26.896,40.33805593974217,-74.20563903719516,1.0,RAIN,20
8930,6001,2017-05-01 12:41:28.043,40.33804898211059,-74.20582325198993,1.0,RAIN,20
8931,6001,2017-05-01 12:41:29.212,40.33804239381324,-74.20602236022737,1.0,RAIN,20
8932,6001,2017-05-01 12:41:30.365,40.33803016453806,-74.20643383607033,1.0,RAIN,20
8933,6001,2017-05-01 12:41:31.525,40.33802997423188,-74.20662999608689,1.0,RAIN,20
8934,6001,2017-05-01 12:41:32.697,40.33802793336966,-74.2068166833546,1.0,RAIN,20
8935,6001,2017-05-01 12:41:33.857,40.33802530072149,-74.20699286628849,1.0,RAIN,20
8936,6001,2017-05-01 12:41:35.038,40.33802259786887,-74.2071591148292,1.0,RAIN,20
8937,6001,2017-05-01 12:41:36.224,40.338013947214904,-74.20731243564424,1.0,RAIN,20
8938,6001,2017-05-01 12:41:37.364,40.337969626750436,-74.20763199952847,1.0,RAIN,20
8939,6001,2017-05-01 12:41:38.505,40.33793665869098,-74.20780931596609,1.0,RAIN,20
8940,6001,2017-05-01 12:41:39.664,40.33790272265388,-74.20798898316912,1.0,RAIN,20
8941,6001,2017-05-01 12:41:40.826,40.33786648325529,-74.20816660950419,1.0,RAIN,20
8942,6001,2017-05-01 12:41:42.002,40.337827068293905,-74.20835263371559,1.0,RAIN,20
8943,6001,2017-05-01 12:41:43.174,40.33777509756997,-74.20856256307934,1.0,RAIN,20
8944,6001,2017-05-01 12:41:44.364,40.33766859978994,-74.20896444933022,1.0,RAIN,20
8945,6001,2017-05-01 12:41:45.516,40.337612148779485,-74.209149320519,1.0,RAIN,20
8946,6001,2017-05-01 12:41:46.694,40.33755037424077,-74.20933715276567,1.0,RAIN,20
8947,6001,2017-05-01 12:41:47.876,40.337490186262755,-74.20950658023139,1.0,RAIN,20
8948,6001,2017-05-01 12:41:49.041,40.337425092065466,-74.209686435912,1.0,RAIN,20
8949,6001,2017-05-01 12:41:50.234,40.337352221591665,-74.20987334432428,1.0,RAIN,20
8950,6001,2017-05-01 12:41:51.384,40.33721576138679,-74.21023905586512,1.0,RAIN,20
8951,6001,2017-05-01 12:41:52.564,40.337147561287246,-74.2104224819173,1.0,RAIN,20
8952,6001,2017-05-01 12:41:53.744,40.33708424803262,-74.21059440269799,1.0,RAIN,20
8953,6001,2017-05-01 12:41:54.907,40.33701905427027,-74.21077277002368,1.0,RAIN,20
8954,6001,2017-05-01 12:41:56.067,40.336954973542795,-74.21095501191357,1.0,RAIN,20
8955,6001,2017-05-01 12:41:57.277,40.33689165480486,-74.21114159474766,1.0,RAIN,20
8956,6001,2017-05-01 12:41:58.454,40.33678493606482,-74.21149449086623,1.0,RAIN,20
8957,6001,2017-05-01 12:41:59.614,40.33674052161592,-74.21165380365417,1.0,RAIN,20
8958,6001,2017-05-01 12:42:00.808,40.336689889284926,-74.21182049854411,1.0,RAIN,20
8959,6001,2017-05-01 12:42:01.995,40.33664947377057,-74.2119529261035,1.0,RAIN,20
8960,6001,2017-05-01 12:42:03.185,40.336613743507804,-74.21206828832139,1.0,RAIN,20
8961,6001,2017-05-01 12:42:04.383,40.33656178036775,-74.21222679802811,1.0,RAIN,20
8962,6001,2017-05-01 12:42:05.564,40.33655869946857,-74.21227767617822,1.0,RAIN,20
8963,6001,2017-05-01 12:42:06.744,40.33657498045297,-74.21231619063255,1.0,RAIN,20
8964,6001,2017-05-01 12:42:07.905,40.33659799007478,-74.21235740885201,1.0,RAIN,20
8965,6001,2017-05-01 12:42:09.067,40.33661848730699,-74.21237979185436,1.0,RAIN,20
8966,6001,2017-05-01 12:42:10.255,40.33663646243372,-74.21242113152086,1.0,RAIN,20
8967,6001,2017-05-01 12:42:11.424,40.33664909621244,-74.21248515946175,1.0,RAIN,20
8968,6001,2017-05-01 12:42:12.644,40.33663776318384,-74.21250457109944,1.0,RAIN,20
8969,6001,2017-05-01 12:42:13.817,40.33662906043581,-74.21253163833349,1.0,RAIN,20
8970,6001,2017-05-01 12:42:14.973,40.33662024252209,-74.21256797998184,1.0,RAIN,20
8971,6001,2017-05-01 12:42:16.164,40.336598384823745,-74.2126111024914,1.0,RAIN,20
8972,6001,2017-05-01 12:42:17.324,40.33656965196682,-74.21264965617631,1.0,RAIN,20
8973,6001,2017-05-01 12:42:18.534,40.33656156475855,-74.21270004217106,1.0,RAIN,20
8974,6001,2017-05-01 12:42:19.715,40.33655654902268,-74.21273020950217,1.0,RAIN,20
8975,6001,2017-05-01 12:42:20.876,40.336543729658075,-74.21276429178981,1.0,RAIN,20
8976,6001,2017-05-01 12:42:22.047,40.33654306129592,-74.21280030499702,1.0,RAIN,20
8977,6001,2017-05-01 12:42:23.225,40.33654226633214,-74.21283190240335,1.0,RAIN,20
8978,6001,2017-05-01 12:42:24.373,40.33653680987643,-74.21287225496513,1.0,RAIN,20
8979,6001,2017-05-01 12:42:25.537,40.33653520153223,-74.21287313685875,1.0,RAIN,20
8980,6001,2017-05-01 12:42:26.705,40.33653520153223,-74.21287313685875,1.0,RAIN,20
8981,6001,2017-05-01 12:42:27.876,40.33653520153223,-74.21287313685875,1.0,RAIN,20
8982,6001,2017-05-01 12:42:29.070,40.33653520153223,-74.21287313685875,1.0,RAIN,20
8983,6001,2017-05-01 12:42:30.252,40.33653520153223,-74.21287313685875,1.0,RAIN,20
8984,6001,2017-05-01 12:42:31.414,40.33653520153223,-74.21287313685875,1.0,RAIN,20
8985,6001,2017-05-01 12:42:32.594,40.33653520153223,-74.21287313685875,1.0,RAIN,20
8986,6001,2017-05-01 12:42:33.804,40.33653520153223,-74.21287313685875,1.0,RAIN,20
8987,6001,2017-05-01 12:42:34.991,40.33653520153223,-74.21287313685875,1.0,RAIN,20
8988,6001,2017-05-01 12:42:36.188,40.33653520153223,-74.21287313685875,1.0,RAIN,20
8989,6001,2017-05-01 12:42:37.385,40.33653520153223,-74.21287313685875,1.0,RAIN,20
8990,6001,2017-05-01 12:42:38.544,40.33653520153223,-74.21287313685875,1.0,RAIN,20
8991,6001,2017-05-01 12:42:39.718,40.33653520153223,-74.21287313685875,1.0,RAIN,20
8992,6001,2017-05-01 12:42:40.840,40.33653520153223,-74.21287313685875,1.0,RAIN,20
8993,6001,2017-05-01 12:42:41.957,40.33653520153223,-74.21287313685875,1.0,RAIN,20
8994,6001,2017-05-01 12:42:43.076,40.33653520153223,-74.21287313685875,1.0,RAIN,20
8995,6001,2017-05-01 12:42:44.224,40.33653520153223,-74.21287313685875,1.0,RAIN,20
